Shipment_ID,Supplier_ID,Supplier_Rating,Supplier_Country,Destination_Country,Shipping_Mode,Carrier,Warehouse,Historical_Delay_Count,Inventory_Level,Demand_Forecast,Weather_Severity,Holiday_Impact,Traffic_Index,Fuel_Price,Port_Congestion,Distance,Purchase_Order_Value,Order_Priority,Customer_Type,Packaging_Type,Vehicle_Availability,Production_Status,Quality_Score,Inspection_Delay,Customs_Clearance_Time,Container_Type,Shipment_Weight,Shipment_Volume,Temperature_Sensitive,Fragile,Route_Risk,Carbon_Emission,Supplier_OnTime_Rate,Market_Demand_Index,Geopolitical_Risk,Economic_Index,Order_Date,Expected_Lead_Time,Lead_Time,Inventory_Days,Transportation_Cost,Late_Delivery_Cost,Supplier_Risk,Month,Quarter,Week,Year,Delay,Product_Category,Units
SHP-110650,1007,5.0,China,India,Road,DB Schenker,WH-020,0,1282,153,2.74,1,2.4,4.21,1.04,4037.9,23779.73,Medium,Government,Carton,57.9,Delayed,87.8,2.91,0.34,40ft Dry,793.33,11.17,0,0,1.73,464.55,0.77,31.2,5.01,90.9,2023-10-13,8.8,13.7,251.3,323.57,507.95,Low,10,4,41,2023,1,Electronics,198
SHP-102041,1287,,USA,Netherlands,Road,Expeditors,WH-017,1,1553,2141,1.35,0,4.12,3.82,0.5,1724.8,4467.17,Medium,Enterprise,Pallet,99.1,On Schedule,100.0,0.34,0.65,Open Top,334.35,1.59,1,1,1.71,253.3,0.869,47.3,0.92,122.0,2023-09-04,7.5,6.3,21.8,125.29,101.87,Medium,9,3,36,2023,0,Food_Beverage,69
SHP-108668,1084,2.38,Mexico,India,Rail,FedEx,WH-001,4,1486,2233,0.65,0,7.16,2.99,5.85,2025.0,15841.07,Medium,Government,Carton,91.4,On Schedule,88.2,4.69,0.05,Flat Rack,375.43,12.15,1,1,3.05,247.11,0.691,44.2,4.83,86.3,2023-05-19,9.8,19.1,20.0,86.08,325.43,Medium,5,2,20,2023,1,Industrial_Equipment,136
SHP-101114,1033,3.42,Brazil,Netherlands,Road,FedEx,WH-005,0,3697,217,0.49,0,4.71,3.92,3.7,1306.2,13872.82,Critical,Retail,Pallet,95.3,Ahead of Schedule,75.1,1.4,1.19,40ft Dry,273.26,0.51,0,0,1.06,174.13,0.754,49.6,1.81,103.9,2023-09-06,7.2,9.6,365.0,97.92,287.25,Medium,9,3,36,2023,0,Pharmaceuticals,238
SHP-113902,1233,2.98,Japan,Australia,Rail,Expeditors,WH-020,2,321,5421,1.44,1,1.42,3.85,1.87,5759.6,24760.42,Critical,Wholesale,Carton,64.1,On Schedule,93.9,1.78,0.78,Reefer,871.29,21.08,0,0,2.37,461.77,0.775,51.0,3.12,92.4,2024-04-02,7.1,10.9,1.8,311.24,526.33,Medium,4,2,14,2024,1,Pharmaceuticals,1548
SHP-111963,1202,4.16,USA,Netherlands,Sea,Expeditors,WH-008,1,1103,4582,4.02,0,4.63,2.84,3.66,1191.2,8918.95,High,Enterprise,Drum,59.6,Ahead of Schedule,80.4,0.65,2.82,20ft Dry,232.42,9.91,1,0,1.79,208.6,0.808,21.3,4.02,109.6,2023-06-08,26.7,35.7,7.2,26.82,181.06,Low,6,2,23,2023,0,Food_Beverage,152
SHP-111072,1026,5.0,Mexico,Canada,Road,CMA CGM,WH-003,1,2562,4646,1.81,0,1.77,2.53,2.39,2975.9,15863.31,Low,Enterprise,Bulk,70.5,Delayed,81.9,0.22,0.06,40ft Dry,1690.35,8.4,0,0,4.33,696.16,0.696,53.1,1.95,96.9,2024-01-17,7.0,12.4,16.5,163.05,333.57,Low,1,1,3,2024,1,Electronics,1546
SHP-103002,1063,,Bangladesh,Canada,Sea,CMA CGM,WH-011,1,3251,1950,0.89,0,6.34,3.9,3.48,3773.3,4714.27,Medium,Enterprise,Drum,57.4,On Schedule,81.2,5.81,1.02,20ft Dry,180.15,1.15,0,1,1.46,679.13,1.0,56.0,1.04,117.3,2023-03-31,26.6,28.9,50.0,110.27,105.31,Medium,3,1,13,2023,0,Industrial_Equipment,51
SHP-119771,1318,3.73,India,USA,Air,FedEx,WH-015,1,4283,5801,1.59,0,4.86,3.44,4.12,2875.3,7169.3,Medium,Enterprise,Bulk,89.4,On Schedule,93.0,1.57,3.3,20ft Dry,1092.89,2.8,0,0,2.52,478.12,0.945,56.0,4.04,95.7,2024-08-20,3.6,10.4,22.1,754.07,218.79,Low,8,3,34,2024,1,Apparel,1043
SHP-108115,1259,4.45,South Korea,Germany,Road,DHL,WH-004,3,3962,5148,,0,5.32,2.75,2.09,2175.8,8889.22,Medium,Government,Pallet,74.4,On Schedule,69.3,0.47,5.0,Flat Rack,116.14,2.25,0,0,2.55,105.22,0.861,38.2,3.66,97.8,2021-02-05,8.2,13.7,23.1,107.84,188.57,Low,2,1,5,2021,1,Electronics,42
SHP-103525,1169,3.41,Brazil,USA,Sea,CMA CGM,WH-013,2,3478,4155,4.7,1,5.87,3.34,5.79,6268.1,4907.43,Low,Enterprise,Pallet,95.9,Delayed,98.6,0.96,0.02,20ft Dry,638.23,5.74,0,0,4.39,167.99,0.932,73.6,1.41,93.9,2022-01-02,23.2,33.5,25.1,160.21,114.17,Low,1,1,52,2022,0,Consumer_Goods,176
SHP-107879,1486,2.31,South Korea,India,Road,Maersk,WH-010,2,1268,364,0.04,0,6.44,3.46,8.85,5137.0,28209.16,Medium,Government,Bulk,62.4,On Schedule,96.1,0.57,1.11,Reefer,390.75,16.59,0,0,0.35,601.96,1.0,52.5,4.88,100.8,2022-06-02,7.3,13.9,104.5,323.2,596.5,Medium,6,2,22,2022,1,Furniture,125
SHP-116441,1468,,Mexico,USA,Road,FedEx,WH-005,1,3115,2886,10.0,0,8.66,2.96,1.87,3414.7,40803.17,Medium,Retail,Pallet,75.7,On Schedule,85.2,1.21,4.77,Reefer,1499.84,44.68,0,0,0.5,192.84,0.983,46.1,2.07,99.6,2023-05-13,11.1,22.6,32.4,209.71,837.03,Low,5,2,19,2023,1,Industrial_Equipment,1072
SHP-116296,1192,4.13,Bangladesh,India,Sea,DHL,WH-008,0,2588,4352,2.9,0,6.74,3.72,6.82,676.9,7906.88,High,Enterprise,Carton,78.3,On Schedule,98.7,0.34,0.75,40ft Dry,13355.21,5.09,0,1,2.17,683.99,1.0,60.8,0.82,116.1,2023-11-09,31.1,37.5,17.8,164.64,174.6,Low,11,4,45,2023,0,Food_Beverage,3243
SHP-112566,1048,2.52,Vietnam,India,Sea,UPS,WH-019,2,3880,3094,0.91,0,6.3,3.56,1.53,3804.5,7936.62,Low,Government,Bulk,93.7,Ahead of Schedule,81.8,3.32,2.4,Flat Rack,3800.2,3.2,0,0,3.8,417.02,0.741,55.0,2.36,91.9,2022-09-11,25.0,29.4,37.6,139.38,172.67,Medium,9,3,36,2022,0,Industrial_Equipment,1022
SHP-105252,1194,3.68,Vietnam,France,Sea,DHL,WH-019,1,2151,4616,0.4,1,8.66,3.32,1.15,2921.2,3324.89,Medium,Wholesale,Pallet,64.1,Ahead of Schedule,90.9,1.39,1.45,Flat Rack,156.82,4.36,0,0,1.27,828.88,0.774,18.3,1.37,117.9,2022-10-20,31.3,31.1,14.0,72.84,73.78,Low,10,4,42,2022,0,Food_Beverage,41
SHP-119393,1259,2.72,Mexico,UK,Sea,CMA CGM,WH-006,3,1343,410,4.56,0,3.56,3.12,2.58,1461.4,14447.71,Low,Enterprise,Drum,76.2,On Schedule,80.7,0.25,0.63,20ft Dry,151.63,12.87,0,0,3.47,736.76,0.881,49.4,0.12,85.0,2021-05-13,17.4,23.0,98.3,34.92,292.45,Medium,5,2,19,2021,0,Consumer_Goods,139
SHP-116796,1030,4.45,India,UAE,Rail,Expeditors,WH-013,1,4677,4083,0.81,0,3.16,4.04,2.9,2700.3,33069.65,Medium,Retail,Crate,81.8,Delayed,100.0,2.17,2.17,Flat Rack,280.76,5.45,0,0,1.92,699.25,0.798,42.0,2.15,103.7,2021-09-04,7.5,10.8,34.4,150.39,676.43,Low,9,3,35,2021,0,Apparel,266
SHP-108094,1278,3.7,Mexico,Germany,Air,DHL,WH-016,4,2209,2853,8.13,0,3.86,3.76,0.54,4730.6,3365.61,High,Retail,Drum,92.3,Delayed,79.2,0.12,0.3,20ft Dry,843.98,5.14,0,0,1.73,198.8,0.984,44.6,1.41,98.9,2021-10-11,6.2,12.2,23.2,1261.09,193.42,Low,10,4,41,2021,1,Food_Beverage,181
SHP-100322,1466,3.03,Germany,Australia,Sea,DHL,WH-020,6,340,4070,0.9,0,2.49,3.94,3.94,4499.4,5396.07,Critical,Retail,Pallet,79.6,On Schedule,92.3,1.06,0.87,Reefer,393.16,1.19,0,0,0.91,484.7,0.79,39.1,0.36,126.5,2022-08-07,26.2,27.5,2.5,134.91,121.41,Medium,8,3,31,2022,0,Pharmaceuticals,172
SHP-109923,1482,4.73,Germany,Japan,Air,UPS,WH-007,1,3260,680,4.61,0,6.34,3.98,2.71,6175.7,3073.67,Medium,Retail,Crate,56.7,On Schedule,76.0,0.64,2.27,Open Top,447.89,3.39,0,0,4.66,550.89,0.729,42.3,2.16,91.4,2022-07-19,2.8,12.8,143.8,1673.76,228.85,Low,7,3,29,2022,1,Consumer_Goods,242
SHP-107459,1464,4.04,China,UK,Rail,CMA CGM,WH-002,2,2616,3287,,0,2.27,4.4,2.61,7679.7,30597.18,Medium,Enterprise,Crate,86.1,On Schedule,97.3,0.9,0.09,Open Top,175.59,16.5,0,0,1.53,415.92,0.825,34.7,3.8,112.8,2021-04-12,8.7,11.9,23.9,451.32,657.08,Low,4,2,15,2021,0,Automotive_Parts,65
SHP-119024,1175,,Mexico,France,Road,Kuehne+Nagel,WH-012,1,1730,390,1.59,0,6.69,3.5,1.96,50.0,2221.22,High,Retail,Drum,66.7,On Schedule,77.8,0.42,1.42,40ft Dry,558.69,8.59,0,0,3.69,430.61,1.0,38.6,3.47,107.6,2023-04-15,7.4,11.0,133.1,16.89,46.11,Low,4,2,15,2023,1,Apparel,160
SHP-117553,1162,3.45,Bangladesh,Netherlands,Sea,Kuehne+Nagel,WH-004,2,2931,4669,3.09,0,1.81,3.01,2.82,4834.5,9015.94,Medium,Retail,Bulk,68.8,Delayed,86.4,0.19,0.39,Flat Rack,148.11,3.76,1,0,10.0,397.64,0.655,39.5,0.42,109.4,2022-11-03,25.3,36.8,18.8,108.31,191.15,Medium,11,4,44,2022,1,Furniture,31
SHP-109119,1497,4.39,USA,Germany,Road,FedEx,WH-001,5,659,5458,4.57,1,8.15,1.75,1.51,5996.2,5572.56,High,Wholesale,Bulk,93.0,On Schedule,89.2,1.63,9.64,Reefer,568.97,11.21,0,1,2.23,688.32,0.781,26.1,2.15,110.0,2022-01-08,9.4,20.0,3.6,192.21,130.67,Low,1,1,1,2022,1,Food_Beverage,318
SHP-116421,1013,4.7,China,UAE,Road,CMA CGM,WH-005,1,2696,2514,2.33,0,2.59,3.1,0.67,3890.5,7981.99,Low,Retail,Bulk,77.6,Ahead of Schedule,71.2,1.96,0.83,Flat Rack,572.07,4.18,0,0,2.87,10.0,0.636,61.0,0.82,96.8,2022-02-28,5.5,8.6,32.2,225.35,182.17,Low,2,1,9,2022,0,Industrial_Equipment,123
SHP-116060,1135,3.67,China,Canada,Rail,UPS,WH-015,1,3245,5261,1.11,0,3.63,3.46,1.83,2882.0,11985.03,Medium,Enterprise,Drum,42.6,Delayed,95.1,0.46,1.14,Flat Rack,927.12,6.81,1,1,1.18,277.4,0.721,31.5,1.4,87.5,2022-04-04,9.0,10.0,18.5,148.96,254.6,Medium,4,2,14,2022,0,Pharmaceuticals,1515
SHP-110120,1460,3.41,USA,India,Air,CMA CGM,WH-012,0,3004,3955,3.9,1,3.51,3.25,3.38,3553.2,26256.6,High,Enterprise,Crate,78.5,On Schedule,90.0,3.38,0.37,40ft Dry,1017.58,5.48,0,0,0.96,719.46,0.771,33.0,1.51,112.7,2023-08-01,4.3,10.0,22.8,851.74,610.31,Medium,8,3,31,2023,1,Food_Beverage,339
SHP-119055,1403,4.12,China,Canada,Rail,Maersk,WH-007,1,2135,653,1.1,0,3.59,4.26,1.25,1780.5,40639.51,Low,Government,Crate,28.9,On Schedule,83.1,0.04,0.8,40ft Dry,296.92,45.11,0,0,2.24,596.31,0.716,50.8,3.68,91.1,2022-09-06,9.5,11.9,98.1,107.09,823.5,Low,9,3,36,2022,0,Consumer_Goods,89
SHP-103649,1267,3.85,Germany,France,Road,Kuehne+Nagel,WH-015,1,3439,970,0.9,0,6.96,3.87,6.37,50.0,83755.92,High,Government,Crate,82.2,On Schedule,81.5,0.05,3.41,Open Top,1511.06,14.74,0,1,3.09,569.35,1.0,60.7,2.35,92.9,2021-08-05,6.3,13.1,106.4,44.69,1679.59,Low,8,3,31,2021,1,Pharmaceuticals,1547
SHP-103941,1366,4.37,USA,UK,Sea,DB Schenker,WH-003,2,758,1398,1.85,0,6.35,3.8,3.57,3166.0,13759.72,High,Wholesale,Carton,,On Schedule,66.5,1.03,1.73,40ft Dry,462.72,3.0,0,1,2.55,366.49,1.0,36.6,0.9,97.2,2022-09-19,31.6,34.8,16.3,93.63,284.56,Low,9,3,38,2022,0,Pharmaceuticals,409
SHP-117880,1371,2.98,Bangladesh,India,Sea,DB Schenker,WH-015,1,4638,1138,1.24,1,5.06,4.39,2.05,3835.9,16673.55,High,Wholesale,Bulk,73.0,Delayed,92.8,0.85,1.36,Open Top,525.12,22.28,1,0,1.74,436.24,0.9,44.6,1.37,87.0,2023-08-24,27.5,28.2,122.3,130.6,346.53,Medium,8,3,34,2023,0,Apparel,220
SHP-116675,1320,3.69,Vietnam,Netherlands,Road,Expeditors,WH-020,2,1771,2169,,0,4.33,2.47,,3350.9,13273.51,High,Enterprise,Carton,83.3,On Schedule,82.0,0.13,0.06,40ft Dry,75.73,2.02,0,0,1.88,342.04,0.822,58.4,2.72,96.0,2023-10-25,6.5,11.2,24.5,147.38,280.21,Low,10,4,43,2023,1,Electronics,16
SHP-112630,1491,4.28,Brazil,Germany,Sea,DHL,WH-020,1,808,5513,0.39,0,3.07,4.92,3.28,3882.0,4006.01,Critical,Government,Drum,58.5,Ahead of Schedule,96.7,1.12,1.77,Flat Rack,1019.24,10.32,0,0,1.04,546.01,0.704,55.3,2.92,80.6,2022-10-30,22.3,25.3,4.4,155.19,95.64,Low,10,4,43,2022,0,Consumer_Goods,320
SHP-111443,1179,3.91,Bangladesh,USA,Air,FedEx,WH-001,4,176,1655,3.48,0,5.33,3.84,2.85,1055.4,14585.55,Low,Government,Crate,74.7,On Schedule,88.0,0.61,3.39,Flat Rack,3656.13,0.58,0,1,2.02,499.29,0.729,33.3,1.81,77.5,2024-04-25,5.0,12.1,3.2,639.83,355.69,Low,4,2,17,2024,1,Furniture,778
SHP-112157,1069,3.44,Japan,UK,Road,Maersk,WH-015,1,634,2563,2.0,0,6.25,3.9,2.19,3533.5,10596.3,Low,Government,Pallet,64.8,On Schedule,84.3,0.05,0.51,Open Top,249.78,1.02,0,0,1.0,460.98,0.916,62.9,1.3,81.6,2022-09-11,10.4,10.9,7.4,250.06,236.93,Low,9,3,36,2022,0,Electronics,61
SHP-113835,1288,3.69,South Korea,Germany,Road,DB Schenker,WH-015,2,3752,2806,1.68,0,6.12,2.86,0.57,2438.1,6843.68,High,Retail,Bulk,96.2,Delayed,77.9,0.24,3.0,Reefer,770.17,3.22,1,0,0.2,584.28,0.797,44.1,0.41,102.6,2021-10-20,7.8,7.2,40.1,138.6,150.73,Low,10,4,42,2021,0,Food_Beverage,296
SHP-103434,1409,3.91,South Korea,USA,Air,Expeditors,WH-015,1,531,2160,1.87,0,5.28,3.7,1.67,3326.6,17177.3,Medium,Wholesale,Bulk,67.3,On Schedule,86.5,0.29,4.16,Reefer,212.26,1.66,0,0,3.7,506.39,1.0,51.4,1.95,80.9,2021-11-16,3.0,6.6,7.4,835.32,427.08,Low,11,4,46,2021,1,Food_Beverage,53
SHP-118739,1280,4.9,Mexico,Japan,Air,FedEx,WH-013,2,3274,1258,0.81,0,6.43,3.42,4.72,4335.4,12169.48,Low,Wholesale,Drum,,On Schedule,97.2,1.09,0.69,40ft Dry,656.88,7.84,0,0,1.76,843.11,0.66,46.9,1.43,101.1,2021-05-10,3.8,8.0,78.1,1040.67,347.46,Low,5,2,19,2021,1,Automotive_Parts,1132
SHP-117407,1456,3.7,Mexico,USA,Sea,CMA CGM,WH-011,1,3546,4810,2.72,0,2.17,2.61,2.51,2653.9,25419.69,High,Enterprise,Pallet,84.8,Ahead of Schedule,82.1,0.85,0.28,Open Top,2464.25,1.68,1,0,1.24,585.58,0.932,38.0,7.58,110.6,2023-07-28,25.5,31.5,22.1,69.85,515.38,Low,7,3,30,2023,0,Industrial_Equipment,2486
SHP-115440,1323,4.61,Vietnam,USA,Sea,CMA CGM,WH-008,2,472,1869,5.26,1,5.63,3.02,2.3,2766.3,3276.16,Low,Enterprise,Pallet,,Delayed,89.8,0.95,2.52,Reefer,508.45,3.31,1,0,0.66,604.48,0.727,36.4,1.37,103.7,2021-09-30,23.8,30.6,7.6,65.94,72.12,Low,9,3,39,2021,0,Apparel,120
SHP-110406,1166,4.58,South Korea,UAE,Road,CMA CGM,WH-014,2,3550,3250,,0,6.8,2.47,6.0,7284.8,1775.66,Critical,Retail,Carton,95.8,Delayed,90.3,0.7,0.94,40ft Dry,515.13,8.98,0,0,3.32,437.33,0.853,27.8,0.61,96.1,2023-04-24,5.4,13.4,32.8,326.51,68.16,Low,4,2,17,2023,1,Food_Beverage,126
SHP-106517,1163,3.72,USA,Germany,Rail,Kuehne+Nagel,WH-004,4,369,5787,2.77,0,5.75,3.52,7.15,3758.3,32668.37,Low,Wholesale,Pallet,100.0,On Schedule,78.8,0.14,4.83,Reefer,718.25,5.43,1,0,1.31,652.38,1.0,97.4,0.43,114.9,2024-06-29,10.0,17.6,1.9,188.48,672.22,Low,6,2,26,2024,1,Industrial_Equipment,464
SHP-100971,1155,2.51,Mexico,Canada,Air,Kuehne+Nagel,WH-020,1,1015,3643,3.14,1,6.41,3.47,0.69,4601.3,2826.72,Low,Wholesale,Drum,72.0,On Schedule,82.6,0.92,1.14,20ft Dry,1109.25,1.23,0,0,3.18,574.53,0.868,46.4,4.44,97.0,2024-10-13,4.0,9.2,8.4,1158.5,172.38,Medium,10,4,41,2024,1,Automotive_Parts,384
SHP-116487,1080,3.17,Germany,UAE,Road,Maersk,WH-018,3,3800,5471,0.62,0,5.52,3.24,0.68,3389.3,1956.33,Low,Wholesale,Drum,74.7,On Schedule,82.6,0.14,2.52,Reefer,469.86,19.3,1,1,1.03,49.6,0.728,41.5,4.05,71.6,2023-05-29,8.0,9.2,20.8,204.53,59.58,Medium,5,2,22,2023,0,Electronics,146
SHP-119730,1456,3.45,China,Netherlands,Rail,DHL,WH-015,0,352,283,3.55,0,5.92,3.27,1.8,2694.0,16178.4,Low,Retail,Drum,67.4,On Schedule,90.6,0.81,1.35,Open Top,563.27,10.99,0,0,1.23,694.07,0.738,49.2,1.34,86.5,2023-11-20,13.4,17.2,37.3,126.35,336.2,Medium,11,4,47,2023,0,Furniture,128
SHP-113137,1228,4.38,Germany,UK,Sea,Kuehne+Nagel,WH-010,1,1692,3805,4.13,0,2.87,4.22,1.87,50.0,13781.24,Critical,Retail,Drum,90.0,On Schedule,93.8,0.18,0.18,Reefer,648.5,25.29,0,1,1.22,724.55,0.745,63.7,4.27,96.8,2022-04-05,10.8,16.7,13.3,9.6,276.58,Low,4,2,14,2022,1,Pharmaceuticals,202
SHP-103669,1261,3.12,South Korea,Japan,Rail,DB Schenker,WH-011,2,2290,903,0.89,0,4.61,2.97,2.66,277.3,9638.32,High,Government,Bulk,55.4,On Schedule,88.6,5.42,0.3,Open Top,958.86,3.63,0,0,0.95,848.47,0.77,99.8,0.75,112.1,2022-10-03,8.0,9.5,76.1,25.98,195.36,Medium,10,4,40,2022,0,Furniture,407
SHP-115983,1189,3.7,Brazil,UK,Air,Kuehne+Nagel,WH-014,3,3765,5488,0.82,0,5.68,3.41,1.02,7060.8,4061.55,High,Wholesale,Bulk,78.2,Ahead of Schedule,93.8,0.17,1.92,40ft Dry,3637.55,7.45,0,0,1.86,406.49,0.643,58.5,0.63,107.6,2024-02-03,3.3,3.9,20.6,1921.69,273.4,Medium,2,1,5,2024,0,Industrial_Equipment,1666
SHP-104058,1107,3.18,Bangladesh,Japan,Sea,Expeditors,WH-001,0,698,216,1.8,0,5.23,3.52,4.21,3705.4,67457.34,Medium,Enterprise,Crate,77.4,On Schedule,92.2,2.57,0.89,40ft Dry,378.52,23.27,0,1,3.01,538.2,0.744,37.1,0.27,101.4,2023-07-16,29.6,35.0,96.9,99.82,1359.13,Medium,7,3,28,2023,0,Food_Beverage,157
SHP-114976,1323,3.85,South Korea,Japan,Sea,DHL,WH-020,1,4519,4280,1.99,0,6.64,3.98,5.35,3403.3,3016.72,Medium,Retail,Drum,57.0,On Schedule,82.5,0.4,0.67,Open Top,1197.88,15.72,0,1,1.84,400.76,0.763,22.8,3.82,105.5,2023-10-13,21.3,28.2,31.7,113.62,71.7,Low,10,4,41,2023,0,Food_Beverage,349
SHP-115698,1237,3.75,Mexico,India,Rail,Maersk,WH-011,1,1943,423,2.44,0,5.17,3.05,1.04,3128.5,9442.27,Medium,Enterprise,Carton,63.7,On Schedule,83.6,1.53,0.58,Reefer,404.41,11.65,0,1,3.0,361.44,0.744,63.5,3.32,109.2,2022-03-06,13.9,18.1,137.8,132.82,202.13,Medium,3,1,9,2022,0,Apparel,92
SHP-113829,1423,4.91,Germany,Japan,Air,Maersk,WH-020,2,1600,432,5.28,0,7.16,2.34,1.24,3271.5,10969.95,High,Retail,Drum,80.9,Ahead of Schedule,100.0,0.68,0.15,Open Top,174.03,10.28,1,0,0.81,766.71,0.951,68.5,2.88,97.5,2024-10-25,3.3,7.4,111.1,517.38,271.14,Low,10,4,43,2024,1,Automotive_Parts,68
SHP-113419,1479,3.09,Germany,UK,Rail,UPS,WH-008,3,4201,571,2.36,0,6.39,4.04,2.01,3147.1,1007.69,Low,Government,Drum,73.1,Delayed,100.0,0.5,0.15,Flat Rack,594.84,4.5,0,0,2.34,443.37,0.684,33.6,5.63,108.6,2023-12-27,17.5,23.8,220.7,181.0,38.25,Medium,12,4,52,2023,0,Pharmaceuticals,368
SHP-100960,1008,3.29,South Korea,UK,Rail,Maersk,WH-015,3,2061,257,3.64,0,5.09,3.88,6.2,1509.3,2231.11,Medium,Government,Pallet,65.9,On Schedule,90.6,0.42,0.72,Open Top,1180.65,7.02,0,0,1.92,358.85,0.8,47.3,0.49,113.0,2024-05-04,9.3,17.5,240.6,101.76,54.8,Medium,5,2,18,2024,1,Pharmaceuticals,754
SHP-117744,1291,4.33,India,Germany,Sea,CMA CGM,WH-016,3,4739,3597,1.33,0,4.63,2.77,,2130.2,2467.1,Medium,Retail,Pallet,76.9,On Schedule,80.7,1.01,1.23,Reefer,4979.16,6.69,0,0,3.49,453.02,0.879,42.2,2.94,88.4,2023-09-11,31.6,37.0,39.5,83.95,57.74,Low,9,3,37,2023,0,Electronics,1291
SHP-109864,1425,3.68,Germany,Australia,Air,Kuehne+Nagel,WH-014,1,4686,3505,2.01,1,3.95,2.88,0.9,3525.2,18118.14,Low,Retail,Drum,48.2,Delayed,86.2,0.59,4.22,20ft Dry,1788.69,1.08,0,1,2.21,439.69,0.941,60.2,0.58,92.3,2022-07-16,2.1,3.8,40.1,808.22,443.18,Low,7,3,28,2022,1,Consumer_Goods,428
SHP-111263,1469,4.07,Mexico,UK,Sea,Expeditors,WH-005,3,1247,5382,5.11,1,3.36,2.93,2.94,3446.4,6962.37,Low,Government,Crate,93.2,On Schedule,82.0,0.18,2.53,Flat Rack,2507.02,14.38,0,0,1.79,774.79,0.719,61.0,1.29,76.4,2024-06-14,23.6,31.6,7.0,95.85,148.83,Low,6,2,24,2024,0,Apparel,2575
SHP-115782,1459,4.0,USA,UAE,Sea,UPS,WH-015,0,2521,3396,2.11,0,6.71,3.66,3.31,4308.0,6875.9,Critical,Enterprise,Bulk,67.3,On Schedule,82.0,0.75,3.87,Open Top,1139.24,13.55,0,1,2.13,496.8,0.691,49.6,1.85,103.5,2024-12-16,28.8,35.2,22.3,128.2,150.34,Medium,12,4,51,2024,0,Industrial_Equipment,1425
SHP-117196,1247,3.72,Vietnam,Japan,Rail,DB Schenker,WH-013,2,3658,5013,0.78,0,3.59,3.28,4.46,2467.3,6934.7,High,Government,Crate,69.7,Ahead of Schedule,95.9,0.53,3.06,Flat Rack,2032.02,10.72,1,1,3.47,563.41,0.922,58.3,1.7,89.2,2021-08-02,8.3,13.5,21.9,142.4,152.93,Low,8,3,31,2021,1,Industrial_Equipment,640
SHP-107554,1158,2.76,Japan,Japan,Rail,Expeditors,WH-010,2,2447,5808,5.5,0,3.97,3.45,4.39,2705.3,22570.16,Medium,Government,Drum,83.0,On Schedule,83.2,0.69,0.54,Flat Rack,822.5,15.05,0,0,1.07,630.94,0.839,48.9,0.29,83.1,2023-11-02,6.9,13.7,12.6,138.55,465.26,Medium,11,4,44,2023,1,Furniture,710
SHP-110498,1048,3.24,South Korea,USA,Rail,FedEx,WH-020,5,1523,1614,1.71,0,0.38,3.8,1.54,3912.7,16079.99,Low,Enterprise,Crate,100.0,On Schedule,100.0,3.51,0.69,Reefer,286.73,7.92,0,0,0.91,502.78,0.99,50.8,2.98,94.9,2023-10-13,10.3,11.7,28.3,202.55,341.85,Low,10,4,41,2023,0,Industrial_Equipment,68
SHP-117059,1055,2.97,China,India,Sea,Expeditors,WH-016,5,1182,1480,1.19,0,2.45,4.02,1.94,6695.0,16000.02,Critical,Government,Drum,74.6,On Schedule,90.3,1.35,1.2,Reefer,654.16,3.45,1,0,4.68,631.8,0.872,62.7,6.08,81.7,2021-10-30,32.1,38.6,24.0,205.63,340.56,Medium,10,4,43,2021,0,Automotive_Parts,345
SHP-117928,1469,3.1,Vietnam,Germany,Rail,Expeditors,WH-010,2,2014,5488,3.67,0,4.02,4.3,0.39,3005.0,20252.58,Critical,Government,Crate,61.1,Ahead of Schedule,100.0,0.25,1.83,Reefer,2450.05,25.92,0,0,4.41,423.19,0.709,48.4,2.41,95.8,2022-02-21,13.3,19.8,11.0,226.79,427.73,Medium,2,1,8,2022,1,Furniture,2135
SHP-107085,1072,2.53,Japan,Australia,Road,DHL,WH-018,3,717,760,1.76,1,5.54,4.14,4.21,3659.9,10697.73,Medium,Wholesale,Bulk,67.5,On Schedule,83.9,0.02,3.74,Reefer,3376.92,8.06,0,1,1.94,436.29,0.848,32.2,4.13,108.3,2024-02-26,6.2,13.5,28.3,366.07,250.56,Medium,2,1,9,2024,1,Pharmaceuticals,727
SHP-114753,1171,3.73,Brazil,Australia,Road,Expeditors,WH-015,1,3912,5214,2.42,0,5.77,3.31,,3518.5,3629.44,Low,Enterprise,Bulk,55.3,Delayed,94.5,0.36,3.53,20ft Dry,4403.9,2.64,1,0,1.65,516.98,1.0,51.7,0.38,102.3,2022-10-06,9.0,12.6,22.5,308.42,103.43,Low,10,4,40,2022,0,Automotive_Parts,3538
SHP-104519,1443,3.78,South Korea,UAE,Sea,Expeditors,WH-017,3,4391,3694,2.46,1,6.69,5.52,1.88,8802.8,3774.7,Low,Enterprise,Pallet,82.6,On Schedule,94.0,0.67,3.41,Reefer,191.5,3.51,0,0,0.59,481.78,0.678,66.5,4.72,96.3,2021-06-03,30.1,35.9,35.7,360.4,111.53,Medium,6,2,22,2021,0,Furniture,108
SHP-103024,1437,4.08,India,Germany,Sea,CMA CGM,WH-018,2,1064,3131,0.52,1,3.63,4.09,2.05,5578.1,9262.85,High,Retail,Carton,82.5,On Schedule,96.5,0.14,1.06,40ft Dry,200.17,15.03,1,1,3.05,544.4,0.731,49.3,10.0,97.2,2021-02-12,29.7,37.7,10.2,170.16,202.27,Low,2,1,6,2021,0,Automotive_Parts,168
SHP-112121,1211,3.02,China,UAE,Road,CMA CGM,WH-002,2,4401,133,2.72,1,6.43,3.08,1.53,6099.1,51626.53,Low,Retail,Bulk,86.6,Ahead of Schedule,82.7,0.64,2.38,Flat Rack,421.17,20.45,1,0,2.1,170.21,0.735,76.9,0.66,91.4,2022-10-31,9.2,12.5,365.0,340.66,1066.6,Medium,10,4,44,2022,0,Electronics,413
SHP-118494,1002,3.72,South Korea,UAE,Sea,DHL,WH-020,1,885,3421,0.65,1,4.94,4.58,1.17,1350.5,8595.06,Low,Wholesale,Crate,78.8,On Schedule,100.0,3.26,0.19,Open Top,1096.78,24.48,0,0,1.21,304.82,1.0,50.3,2.48,94.0,2022-07-26,32.9,31.8,7.8,60.25,177.93,Low,7,3,30,2022,0,Pharmaceuticals,1843
SHP-105483,1451,3.36,China,Canada,Sea,FedEx,WH-001,1,148,227,0.87,0,1.04,3.62,2.18,3898.9,15610.54,Critical,Government,Bulk,72.3,On Schedule,91.9,0.5,0.47,Open Top,588.76,1.96,0,1,0.89,313.85,0.803,43.0,0.49,81.5,2022-12-10,28.2,27.5,19.6,110.05,323.22,Medium,12,4,49,2022,0,Food_Beverage,786
SHP-101419,1154,3.57,Japan,Netherlands,Road,FedEx,WH-010,3,1594,666,4.16,0,7.11,3.7,3.43,3109.5,10854.89,High,Government,Drum,64.7,On Schedule,91.6,0.6,3.61,Open Top,4858.34,4.76,0,1,0.36,436.58,0.769,46.0,1.91,85.5,2023-08-24,4.0,10.8,71.8,329.92,250.09,Medium,8,3,34,2023,1,Apparel,3778
SHP-106209,1081,4.62,India,USA,Road,CMA CGM,WH-003,1,2307,2944,9.88,1,3.45,3.36,1.71,1899.9,8715.14,High,Retail,Bulk,81.3,Delayed,85.5,1.16,2.94,40ft Dry,443.4,15.73,0,0,4.11,579.89,0.775,39.9,7.56,109.5,2021-08-07,7.5,26.4,23.5,123.17,186.62,Low,8,3,31,2021,1,Pharmaceuticals,599
SHP-110742,1140,3.19,Germany,Japan,Air,DHL,WH-001,2,333,5009,3.34,0,6.16,3.34,5.27,3721.3,4406.86,High,Wholesale,Drum,62.6,On Schedule,100.0,0.5,0.83,Open Top,2899.72,5.49,0,1,0.24,277.92,0.788,48.5,0.72,119.6,2024-10-14,3.2,8.1,2.0,1078.89,196.03,Medium,10,4,42,2024,1,Apparel,918
SHP-116143,1384,3.78,Vietnam,India,Road,CMA CGM,WH-012,4,4235,5246,0.55,0,6.38,4.57,6.35,6274.0,7155.17,High,Retail,Bulk,66.5,On Schedule,84.2,1.17,2.43,Flat Rack,356.43,5.43,0,1,2.76,746.47,0.866,42.8,1.33,126.2,2023-06-21,4.0,10.2,24.2,517.48,194.85,Low,6,2,25,2023,1,Industrial_Equipment,100
SHP-117617,1215,4.05,Mexico,India,Sea,Expeditors,WH-020,1,3806,1370,0.76,0,6.75,3.47,0.23,1028.0,12126.45,High,Government,Carton,,Delayed,76.6,0.8,1.53,Reefer,1020.73,13.6,0,0,2.78,572.7,0.741,49.6,1.67,86.0,2022-03-06,22.9,23.9,83.3,36.65,246.19,Low,3,1,9,2022,0,Pharmaceuticals,449
SHP-114568,1083,4.09,Mexico,Canada,Sea,Kuehne+Nagel,WH-002,1,3665,679,5.21,0,4.69,3.27,4.45,1261.2,93337.6,High,Government,Drum,81.2,Ahead of Schedule,80.5,1.34,0.26,Open Top,210.0,0.84,0,1,1.74,671.59,0.601,35.9,1.03,97.7,2022-03-13,26.6,36.1,161.9,32.34,1869.99,Medium,3,1,10,2022,0,Automotive_Parts,109
SHP-100980,1175,4.33,USA,India,Road,CMA CGM,WH-014,4,1379,4406,2.19,0,2.86,3.44,1.09,8251.5,38780.34,Medium,Enterprise,Bulk,73.9,On Schedule,77.4,0.95,0.55,Flat Rack,178.61,6.87,0,0,4.72,528.49,0.804,32.6,2.61,109.0,2022-08-17,8.1,12.7,9.4,505.25,826.13,Low,8,3,33,2022,1,Apparel,64
SHP-102783,1360,4.1,Germany,UK,Sea,DHL,WH-019,1,1818,3334,3.11,0,6.16,3.44,2.4,416.1,6550.97,Critical,Wholesale,Drum,75.4,On Schedule,88.3,2.04,0.08,Reefer,1155.04,45.39,0,0,0.88,404.36,0.814,40.6,0.66,123.2,2024-01-28,10.2,12.6,16.4,22.21,133.24,Low,1,1,4,2024,0,Consumer_Goods,260
SHP-107713,1176,5.0,Brazil,Canada,Sea,DB Schenker,WH-015,5,4377,2385,1.55,0,4.83,2.9,0.51,6356.3,6609.66,Medium,Government,Pallet,85.8,On Schedule,100.0,1.32,4.24,40ft Dry,2679.57,2.12,0,1,3.34,695.23,0.841,40.0,10.0,80.3,2022-11-19,21.3,30.4,55.1,158.39,148.03,Low,11,4,46,2022,1,Industrial_Equipment,619
SHP-111518,1078,2.31,Japan,UAE,Sea,CMA CGM,WH-002,2,4750,1312,2.69,0,5.73,3.66,1.94,2867.3,5696.81,High,Retail,Drum,83.1,Delayed,84.7,1.74,0.99,Flat Rack,358.66,2.73,0,0,1.45,873.22,0.551,40.0,1.25,90.3,2024-07-12,26.2,30.7,108.6,81.02,122.04,High,7,3,28,2024,0,Furniture,516
SHP-108600,1343,4.1,USA,Netherlands,Rail,Maersk,WH-007,4,2469,5121,2.36,0,3.55,4.41,2.53,1551.0,4491.52,Low,Government,Bulk,80.9,Delayed,83.7,1.08,5.57,Reefer,203.56,9.7,0,0,1.43,361.54,0.809,64.3,0.3,109.4,2021-12-07,6.3,11.1,14.5,95.28,99.36,Low,12,4,49,2021,1,Pharmaceuticals,155
SHP-111640,1472,4.38,Vietnam,France,Road,DHL,WH-020,2,646,599,1.04,0,1.83,3.75,2.4,4527.8,8932.42,Low,Retail,Crate,63.0,On Schedule,92.5,2.04,2.0,Flat Rack,1104.49,41.12,0,1,1.61,405.18,0.752,40.8,1.35,88.5,2022-07-03,5.1,7.7,32.4,328.87,211.54,Low,7,3,26,2022,1,Apparel,706
SHP-118830,1095,1.89,Germany,Japan,Road,CMA CGM,WH-012,3,3067,2240,1.98,0,2.96,3.4,2.51,1022.5,2023.25,Medium,Retail,Carton,47.6,On Schedule,91.5,1.25,0.65,40ft Dry,161.28,4.35,0,0,4.19,454.7,1.0,34.3,1.03,111.6,2021-10-17,9.6,12.8,41.1,65.22,46.99,Medium,10,4,41,2021,0,Food_Beverage,99
SHP-112562,1319,4.02,South Korea,USA,Road,DHL,WH-010,1,1416,5836,3.13,0,3.48,3.67,3.2,5608.4,8687.43,Medium,Retail,Bulk,86.0,On Schedule,83.6,0.48,0.36,40ft Dry,1782.56,18.73,0,1,0.15,455.47,0.765,34.4,3.35,94.1,2023-03-24,6.0,10.7,7.3,409.41,214.69,Low,3,1,12,2023,1,Industrial_Equipment,581
SHP-112751,1296,2.46,Germany,India,Air,FedEx,WH-019,2,3478,3612,2.7,1,5.72,2.68,2.63,3800.1,10929.85,High,Enterprise,Carton,64.0,On Schedule,84.5,1.6,0.45,Open Top,2043.94,9.91,0,1,2.18,598.86,0.847,57.1,4.57,118.3,2022-04-04,3.6,9.2,28.9,818.96,300.49,Medium,4,2,14,2022,1,Industrial_Equipment,861
SHP-106384,1264,1.78,Bangladesh,Germany,Sea,Kuehne+Nagel,WH-013,3,1968,581,2.47,0,5.49,2.8,1.93,6528.9,12019.54,Medium,Retail,Pallet,45.2,Delayed,87.5,1.38,0.75,Open Top,374.69,0.82,0,0,0.27,594.82,0.824,49.5,4.98,130.9,2021-06-30,28.7,32.0,101.6,137.5,254.14,Medium,6,2,26,2021,0,Electronics,519
SHP-104807,1172,2.98,Brazil,Canada,Rail,CMA CGM,WH-019,3,2535,4172,2.33,1,6.04,2.25,3.65,4203.5,16031.06,Low,Retail,Carton,84.3,On Schedule,99.5,1.4,5.85,Flat Rack,5029.91,2.97,0,0,0.59,904.92,1.0,47.7,3.11,97.7,2023-07-16,10.8,16.8,18.2,185.09,339.13,Low,7,3,28,2023,0,Automotive_Parts,2306
SHP-106195,1337,3.72,Vietnam,Canada,Sea,DHL,WH-016,4,4188,5178,0.66,0,3.62,3.44,2.1,5350.7,49467.03,Medium,Retail,Pallet,44.2,Delayed,89.5,1.02,0.5,Reefer,18.92,5.91,1,0,4.45,728.29,0.786,74.6,0.26,75.5,2022-02-24,29.1,31.2,24.3,135.53,1002.89,Low,2,1,8,2022,0,Food_Beverage,7
SHP-110648,1374,4.73,Mexico,Canada,Sea,Expeditors,WH-014,1,2765,2032,1.1,0,7.44,3.53,2.72,3431.7,23796.15,Medium,Enterprise,Pallet,90.5,Ahead of Schedule,76.4,0.06,1.3,Open Top,2407.63,16.88,0,0,3.78,443.53,1.0,35.1,1.51,116.0,2023-11-27,34.2,36.2,40.8,114.07,487.33,Low,11,4,48,2023,0,Food_Beverage,2514
SHP-107567,1393,3.2,India,Canada,Rail,Expeditors,WH-019,2,2415,2021,2.15,0,2.38,3.88,10.0,1866.6,13230.45,High,Retail,Pallet,73.2,On Schedule,93.2,2.06,1.0,Flat Rack,338.33,2.57,0,0,2.57,548.23,0.916,54.1,2.77,103.6,2024-12-25,13.7,25.6,35.8,102.81,274.89,Low,12,4,52,2024,1,Pharmaceuticals,80
SHP-116397,1384,4.7,Bangladesh,USA,Rail,Expeditors,WH-013,2,199,3805,2.75,0,7.26,3.45,4.3,2395.2,8358.73,Medium,Enterprise,Crate,61.4,On Schedule,94.7,2.03,5.67,40ft Dry,161.52,2.32,0,1,0.89,410.08,0.887,62.1,3.9,109.4,2024-11-04,13.1,21.8,1.6,112.32,178.41,Low,11,4,45,2024,1,Food_Beverage,220
SHP-117524,1109,3.51,Bangladesh,Canada,Road,Expeditors,WH-016,2,1733,5686,3.3,0,4.22,2.02,6.63,6054.5,8616.08,High,Government,Carton,66.1,On Schedule,,0.17,2.64,20ft Dry,467.76,11.65,1,1,0.38,675.47,0.904,55.5,0.64,106.2,2022-05-13,4.0,10.6,9.1,222.49,194.57,Low,5,2,19,2022,1,Food_Beverage,100
SHP-101346,1185,4.0,Japan,Germany,Sea,Maersk,WH-012,1,219,167,1.12,0,6.77,3.41,1.15,4137.1,4335.16,Critical,Government,Bulk,100.0,On Schedule,90.2,0.76,0.69,Open Top,1721.74,14.94,0,0,2.88,613.3,0.841,54.4,2.19,116.0,2024-06-13,38.5,39.5,39.3,121.0,98.8,Low,6,2,24,2024,0,Pharmaceuticals,1820
SHP-113124,1007,3.47,South Korea,Canada,Road,DB Schenker,WH-013,1,2848,5887,3.43,0,5.46,3.0,,2561.5,48887.25,Medium,Retail,Bulk,66.4,Ahead of Schedule,92.8,0.33,3.56,20ft Dry,2786.38,4.18,0,1,3.23,592.15,0.989,39.9,0.26,83.2,2024-10-07,10.9,19.4,14.5,194.61,997.21,Low,10,4,41,2024,1,Furniture,649
SHP-112673,1074,3.47,China,Australia,Rail,Expeditors,WH-012,1,2395,3836,0.35,0,3.85,3.31,4.1,50.0,7582.59,Medium,Retail,Drum,69.2,On Schedule,77.5,0.02,0.63,Flat Rack,1319.53,6.93,0,1,3.96,771.55,0.831,4.7,2.02,108.1,2024-02-02,9.8,14.3,18.7,25.31,154.18,Low,2,1,5,2024,0,Automotive_Parts,289
SHP-115455,1403,3.17,Bangladesh,USA,Road,DB Schenker,WH-016,4,2031,5934,4.5,0,3.48,2.03,8.54,4966.7,1873.64,Low,Enterprise,Carton,58.9,On Schedule,100.0,0.2,1.61,Flat Rack,1869.45,19.78,1,0,2.53,466.03,0.831,55.9,1.39,109.5,2022-08-30,5.0,17.3,10.3,204.71,57.94,Medium,8,3,35,2022,1,Apparel,381
SHP-114001,1230,4.56,USA,India,Road,Expeditors,WH-015,2,3280,5873,1.27,1,5.05,4.53,5.76,4561.4,13764.63,Medium,Enterprise,Carton,77.4,On Schedule,87.0,1.11,2.82,Open Top,484.59,7.49,0,0,3.56,730.97,0.944,38.9,0.87,125.6,2023-02-11,8.2,15.0,16.8,380.14,313.31,Low,2,1,6,2023,1,Industrial_Equipment,118
SHP-118621,1308,3.38,Mexico,Canada,Road,CMA CGM,WH-016,2,2712,3326,2.95,0,6.84,2.95,1.85,2881.4,66232.54,Medium,Wholesale,Carton,71.6,On Schedule,,0.46,0.77,Open Top,545.94,14.14,1,0,8.18,720.0,0.747,57.0,0.36,104.6,2024-03-22,8.6,16.5,24.5,161.37,1340.79,Medium,3,1,12,2024,1,Industrial_Equipment,136
SHP-102119,1420,2.66,Brazil,India,Sea,DB Schenker,WH-009,1,2132,2516,3.09,0,5.56,2.46,4.38,4416.0,12012.7,Medium,Wholesale,Drum,79.5,On Schedule,87.8,0.16,4.08,Open Top,602.12,9.01,0,0,0.64,408.96,0.911,75.6,1.11,80.7,2021-05-18,16.7,22.2,25.4,84.23,248.68,Medium,5,2,20,2021,0,Apparel,178
SHP-115304,1054,4.22,Vietnam,Canada,Sea,Maersk,WH-006,1,2343,3587,0.88,0,4.9,3.08,1.46,5128.2,20867.42,Low,Government,Carton,70.7,On Schedule,78.3,2.79,0.94,Flat Rack,321.34,34.21,0,0,1.35,837.43,0.941,38.9,1.8,109.4,2023-04-17,27.2,27.1,19.6,119.05,429.25,Low,4,2,16,2023,0,Food_Beverage,80
SHP-104309,1349,3.82,South Korea,Australia,Rail,DHL,WH-015,2,3438,73,,0,6.29,3.24,9.68,1922.9,9497.47,Medium,Retail,Carton,70.3,On Schedule,94.3,1.0,0.41,Open Top,4864.35,16.74,1,0,0.76,312.97,0.592,44.6,1.64,113.7,2022-04-18,12.1,20.6,365.0,165.9,206.54,Medium,4,2,16,2022,1,Apparel,4400
SHP-104484,1109,3.69,Vietnam,Japan,Road,DHL,WH-016,0,3696,4120,3.51,0,3.65,2.01,0.86,4716.8,6551.68,Medium,Wholesale,Carton,64.8,On Schedule,86.7,1.51,0.34,Flat Rack,449.42,52.1,0,0,2.02,711.85,0.891,49.0,5.31,111.5,2023-08-02,3.9,8.9,26.9,173.68,148.4,Low,8,3,31,2023,1,Food_Beverage,154
SHP-111013,1128,,Bangladesh,UAE,Sea,UPS,WH-013,2,371,4515,2.33,0,6.37,3.27,1.82,3387.8,10495.85,Low,Retail,Pallet,84.1,Ahead of Schedule,89.6,0.96,2.72,20ft Dry,614.03,3.51,0,0,0.79,479.39,0.751,23.3,0.19,105.3,2023-03-12,20.2,21.9,2.5,87.36,218.65,Medium,3,1,10,2023,0,Electronics,218
SHP-104770,1053,2.38,Bangladesh,Germany,Rail,CMA CGM,WH-016,5,3217,2822,0.79,0,2.94,3.41,4.53,4188.7,4457.86,Critical,Wholesale,Carton,100.0,On Schedule,75.5,1.15,,20ft Dry,1612.69,5.4,0,0,1.76,755.92,0.707,29.2,1.15,122.9,2021-12-18,10.8,15.4,34.2,218.16,110.97,Medium,12,4,50,2021,0,Food_Beverage,370
SHP-102712,1222,3.9,Mexico,Australia,Sea,Maersk,WH-010,3,3640,2484,2.8,0,5.56,2.61,0.69,5278.6,12859.52,Low,Government,Bulk,69.9,On Schedule,96.3,2.45,1.33,Reefer,2327.0,11.01,1,1,0.67,325.9,0.897,57.8,3.66,106.3,2022-08-21,19.2,22.0,44.0,119.17,269.11,Low,8,3,33,2022,0,Food_Beverage,901
SHP-112186,1166,4.53,USA,India,Air,Kuehne+Nagel,WH-007,0,1602,2265,3.81,0,5.64,3.97,6.2,4523.9,6153.41,Medium,Enterprise,Crate,78.3,On Schedule,87.6,1.31,0.4,40ft Dry,490.95,21.79,0,0,3.76,271.39,0.805,45.7,3.73,89.1,2023-03-29,5.2,16.9,21.2,1240.11,247.08,Low,3,1,13,2023,1,Food_Beverage,220
SHP-116615,1245,3.09,South Korea,Canada,Road,Expeditors,WH-010,2,2433,419,1.74,0,2.62,3.4,6.21,768.8,5365.79,High,Wholesale,Carton,91.9,Delayed,79.6,0.78,1.36,40ft Dry,446.59,1.48,0,0,2.46,430.99,0.805,51.0,3.19,79.5,2023-07-22,6.8,15.0,174.2,56.85,113.0,Medium,7,3,29,2023,1,Industrial_Equipment,132
SHP-110947,1226,2.09,Brazil,Canada,Road,UPS,WH-006,0,3724,3250,0.26,0,4.26,3.2,2.55,3142.2,5241.05,Medium,Enterprise,Pallet,87.1,On Schedule,93.7,0.35,1.41,Flat Rack,232.42,5.56,0,0,2.29,641.87,0.752,73.0,0.96,117.3,2022-01-13,5.1,6.4,34.4,182.69,123.09,Medium,1,1,2,2022,0,Pharmaceuticals,137
SHP-102545,1473,3.94,South Korea,UK,Sea,DB Schenker,WH-009,2,3898,5349,1.84,0,4.19,3.24,3.29,3044.6,10249.45,Low,Enterprise,Drum,60.8,Delayed,85.2,0.05,0.04,Open Top,380.92,31.55,0,0,1.61,658.75,0.75,54.8,5.5,87.2,2024-05-12,30.1,35.8,21.9,76.16,212.6,Low,5,2,19,2024,0,Industrial_Equipment,337
SHP-112619,1187,3.79,Vietnam,USA,Road,FedEx,WH-020,2,1299,4785,3.55,0,7.75,3.19,1.61,1121.0,31081.39,Low,Retail,Carton,72.3,On Schedule,89.6,0.04,0.66,40ft Dry,1691.21,7.48,0,0,0.16,364.68,0.851,28.0,2.55,90.5,2023-10-28,10.8,13.2,8.1,101.19,631.75,Low,10,4,43,2023,0,Automotive_Parts,638
SHP-109851,1042,2.41,Japan,Australia,Rail,DHL,WH-015,1,1697,2202,0.46,0,4.97,3.9,3.97,6037.4,16354.52,High,Enterprise,Bulk,59.4,Delayed,,2.13,1.32,20ft Dry,3571.11,12.99,0,0,3.94,346.65,0.847,18.6,4.42,106.1,2024-01-15,5.6,12.2,23.1,385.37,365.63,Medium,1,1,3,2024,1,Food_Beverage,1503
SHP-104410,1240,,Germany,USA,Sea,Kuehne+Nagel,WH-020,4,746,5897,3.44,0,7.11,4.14,2.46,4506.4,33076.26,Low,Government,Carton,62.5,On Schedule,93.4,3.89,8.98,Flat Rack,778.37,1.36,0,0,1.34,382.25,0.691,42.3,3.05,81.2,2021-06-11,28.1,39.1,3.8,146.66,676.19,Medium,6,2,23,2021,1,Consumer_Goods,503
SHP-119647,1101,3.23,China,UAE,Sea,Maersk,WH-017,0,1832,3912,1.6,1,0.34,3.72,,4318.1,862.72,Medium,Government,Drum,100.0,On Schedule,97.8,0.21,0.01,Reefer,3224.54,6.97,0,1,1.15,650.93,0.888,32.5,3.48,96.3,2024-03-16,30.1,31.9,14.0,153.39,32.59,Low,3,1,11,2024,0,Pharmaceuticals,1497
SHP-112344,1439,3.3,India,UK,Road,FedEx,WH-018,2,4909,2564,0.46,0,5.44,2.19,4.81,1252.2,7960.2,Medium,Government,Crate,71.2,On Schedule,63.2,0.42,2.47,Flat Rack,330.92,8.83,0,1,3.45,508.49,0.848,41.2,2.33,124.3,2023-12-26,7.6,13.3,57.4,53.51,164.56,Low,12,4,52,2023,0,Consumer_Goods,154
SHP-112407,1126,4.0,India,UAE,Sea,Maersk,WH-010,1,1015,2370,3.02,1,4.9,3.91,6.68,1063.2,15196.37,High,Government,Bulk,47.7,On Schedule,71.9,2.87,4.25,Flat Rack,1005.4,9.04,0,0,3.05,299.5,0.872,32.4,3.21,99.4,2021-06-15,26.8,39.1,12.8,42.13,308.14,Low,6,2,24,2021,0,Consumer_Goods,509
SHP-109610,1195,4.43,South Korea,Japan,Road,DHL,WH-014,3,3634,3669,4.91,0,2.76,2.42,8.34,3488.7,39830.46,Medium,Government,Crate,65.6,On Schedule,91.4,2.34,0.17,Open Top,954.14,7.48,0,0,4.89,415.23,0.914,42.3,1.31,114.2,2023-11-25,5.9,20.2,29.7,165.29,813.14,Low,11,4,47,2023,1,Electronics,432
SHP-110718,1279,3.02,Bangladesh,UK,Air,Expeditors,WH-002,3,4512,2565,3.05,0,3.33,2.79,6.5,4664.6,4787.0,Low,Enterprise,Crate,77.8,On Schedule,100.0,0.46,2.67,40ft Dry,2075.19,6.11,0,0,1.17,291.41,0.727,35.1,7.07,97.3,2022-04-16,3.7,16.4,52.8,1014.49,197.19,Medium,4,2,15,2022,1,Apparel,579
SHP-107571,1214,3.37,China,Germany,Road,Maersk,WH-020,1,2099,2183,3.3,0,4.17,3.64,5.95,4380.3,11100.73,Medium,Wholesale,Drum,68.8,On Schedule,88.3,0.97,1.1,Open Top,894.95,8.62,0,1,3.69,490.53,1.0,37.8,1.49,106.5,2023-08-23,5.7,13.9,28.8,304.36,252.45,Low,8,3,34,2023,1,Apparel,487
SHP-103570,1352,3.77,South Korea,UAE,Road,Expeditors,WH-001,2,1131,814,2.58,0,2.51,4.47,0.7,2438.3,16422.09,High,Retail,Carton,69.8,On Schedule,100.0,1.2,1.65,20ft Dry,222.68,28.24,1,1,2.13,331.73,0.824,35.2,1.34,98.8,2024-07-31,3.2,5.2,41.7,199.37,348.38,Low,7,3,31,2024,0,Electronics,47
SHP-108602,1135,3.53,Bangladesh,Netherlands,Sea,FedEx,WH-005,4,2150,4004,0.73,1,5.05,2.96,9.9,5388.1,51754.3,Critical,Retail,Carton,59.3,Delayed,83.1,0.95,2.74,Open Top,3080.2,5.61,1,0,1.35,422.02,0.872,80.3,3.97,100.7,2021-07-16,16.7,27.2,16.1,144.09,1049.5,Low,7,3,28,2021,1,Pharmaceuticals,666
SHP-103559,1420,2.51,South Korea,France,Rail,Expeditors,WH-011,3,2931,4077,8.85,0,4.16,3.94,0.71,6798.2,2505.9,Low,Retail,Drum,56.6,On Schedule,79.0,0.24,0.4,Reefer,841.14,8.31,1,0,2.06,694.08,0.931,66.4,3.66,73.0,2022-10-01,7.0,16.4,21.6,372.05,87.32,Medium,10,4,39,2022,1,Industrial_Equipment,316
SHP-104991,1296,4.49,South Korea,Japan,Road,Expeditors,WH-020,1,3756,2145,0.15,0,3.34,4.09,0.96,6470.4,10769.54,Low,Wholesale,Crate,85.9,Delayed,84.5,1.58,0.11,20ft Dry,91.31,30.62,0,0,1.94,298.76,0.749,39.7,3.3,103.8,2024-01-23,8.6,9.0,52.5,469.65,262.36,Low,1,1,4,2024,0,Industrial_Equipment,46
SHP-107439,1174,4.05,Brazil,UK,Road,DB Schenker,WH-008,1,3825,3863,5.66,0,5.2,2.8,0.52,6037.9,4358.94,High,Retail,Pallet,66.5,Delayed,,0.29,0.06,Reefer,1988.18,14.03,0,1,1.74,358.7,0.856,60.1,3.98,103.7,2022-12-19,7.1,12.6,29.7,337.64,120.94,Low,12,4,51,2022,1,Pharmaceuticals,683
SHP-109325,1244,4.71,Japan,USA,Rail,DHL,WH-015,2,2695,3844,1.78,0,5.05,3.91,1.87,50.0,16625.26,Medium,Enterprise,Crate,85.0,On Schedule,88.2,1.26,0.22,Open Top,5420.73,6.93,0,1,2.04,586.91,0.863,33.1,1.14,107.5,2022-12-04,9.6,11.0,21.0,114.8,343.99,Low,12,4,48,2022,0,Food_Beverage,1255
SHP-102300,1213,3.53,USA,France,Road,DHL,WH-020,1,148,2222,0.84,0,6.24,2.72,5.84,2019.9,34537.16,Low,Government,Carton,91.6,On Schedule,76.8,0.37,0.58,Flat Rack,482.92,30.56,0,0,1.11,634.62,0.79,24.5,3.42,110.8,2023-07-09,8.4,13.6,2.0,106.23,701.37,Medium,7,3,27,2023,0,Consumer_Goods,141
SHP-107666,1386,3.58,India,UAE,Road,Kuehne+Nagel,WH-009,1,4722,612,1.16,0,3.44,3.24,2.25,50.0,17332.1,Low,Government,Drum,94.9,On Schedule,65.8,3.36,2.93,Flat Rack,1908.22,2.79,0,0,8.8,765.79,0.88,32.5,6.94,118.9,2022-06-06,5.7,18.1,231.5,46.5,351.29,Low,6,2,23,2022,1,Electronics,463
SHP-105804,1071,1.79,Japan,Netherlands,Rail,Maersk,WH-002,0,108,5102,1.89,0,5.29,2.56,0.35,5465.6,5791.46,High,Wholesale,Drum,78.9,On Schedule,80.5,0.25,2.07,20ft Dry,2915.98,2.05,0,1,6.0,388.51,0.761,60.3,2.31,136.6,2024-06-22,12.5,17.7,0.6,224.71,138.3,Medium,6,2,25,2024,0,Food_Beverage,1006
SHP-112022,1326,4.02,Brazil,Canada,Sea,DHL,WH-008,2,420,1724,4.38,0,4.2,3.12,3.95,7023.2,3252.81,Critical,Government,Carton,92.5,Ahead of Schedule,89.4,2.83,0.09,Open Top,1166.03,9.58,0,0,1.58,514.91,0.983,54.8,1.76,87.4,2023-10-12,30.3,36.5,7.3,171.82,82.24,Low,10,4,41,2023,0,Consumer_Goods,348
SHP-115537,1016,4.03,Vietnam,USA,Air,UPS,WH-015,2,4230,3352,1.21,0,5.52,3.46,4.02,1687.9,24285.92,High,Retail,Pallet,75.4,On Schedule,88.3,1.1,,Open Top,852.24,0.76,0,1,2.3,678.56,0.822,55.6,3.66,104.5,2021-03-16,5.1,10.4,37.9,464.53,532.17,Low,3,1,11,2021,1,Industrial_Equipment,474
SHP-109757,1205,3.73,South Korea,UAE,Rail,Kuehne+Nagel,WH-020,3,1714,4414,0.07,0,1.19,3.65,1.33,4360.7,3344.18,Medium,Retail,Drum,92.9,Delayed,91.8,0.39,2.43,Reefer,200.09,3.65,0,0,6.74,703.64,0.833,59.6,0.97,107.2,2024-08-20,11.3,14.7,11.6,214.53,88.34,Low,8,3,34,2024,0,Consumer_Goods,53
SHP-112014,1005,4.75,USA,France,Sea,Maersk,WH-019,2,2408,4632,1.28,0,5.04,4.01,1.44,1544.0,10919.79,Medium,Enterprise,Drum,80.2,On Schedule,88.2,2.11,1.86,Reefer,120.0,8.66,0,0,0.39,556.91,0.885,34.2,0.89,64.4,2023-05-25,24.1,23.7,15.6,46.94,223.09,Low,5,2,21,2023,0,Consumer_Goods,85
SHP-105211,1037,3.24,Brazil,Japan,Sea,Kuehne+Nagel,WH-019,2,2363,4041,5.34,1,6.19,3.54,8.27,6237.6,7590.2,Medium,Retail,Carton,87.5,On Schedule,71.6,0.38,2.14,Open Top,2602.23,3.66,0,0,1.54,548.8,1.0,55.0,3.65,83.2,2023-04-01,25.1,38.2,17.5,189.45,170.75,Low,4,2,13,2023,1,Electronics,718
SHP-111548,1182,3.53,China,UAE,Sea,Expeditors,WH-001,2,3396,4469,2.08,0,6.96,3.99,4.42,2465.8,8551.38,Low,Wholesale,Bulk,68.0,Ahead of Schedule,100.0,1.43,1.59,40ft Dry,502.53,37.45,0,0,0.61,351.69,0.842,35.9,1.54,119.6,2022-05-16,24.4,28.6,22.8,78.24,178.85,Low,5,2,20,2022,0,Consumer_Goods,115
SHP-112366,1448,3.58,USA,Japan,Road,Kuehne+Nagel,WH-017,3,2828,1956,2.22,0,4.65,3.08,1.8,1589.5,8336.36,High,Government,Crate,69.1,Delayed,79.9,1.9,1.22,20ft Dry,750.18,14.06,1,1,9.34,348.74,0.704,75.2,0.38,100.8,2024-07-03,8.0,17.1,43.4,102.7,177.0,Medium,7,3,27,2024,1,Food_Beverage,685
SHP-109270,1036,4.37,Bangladesh,India,Air,Kuehne+Nagel,WH-012,3,2721,2030,2.81,0,5.14,3.14,6.64,1756.5,41725.28,High,Enterprise,Crate,69.5,On Schedule,100.0,0.69,0.6,Reefer,1765.75,1.94,0,0,1.08,875.79,0.768,37.1,0.98,93.7,2022-11-27,5.0,12.1,40.2,511.76,885.68,Low,11,4,47,2022,1,Automotive_Parts,541
SHP-103975,1145,3.93,Mexico,UK,Sea,CMA CGM,WH-009,1,2195,687,0.31,1,4.98,3.11,4.31,2189.8,11544.19,Medium,Government,Drum,65.5,On Schedule,83.8,2.23,3.37,Reefer,4822.59,1.95,1,0,2.57,439.04,0.946,45.1,8.27,92.3,2021-07-21,23.4,32.0,95.8,94.19,240.3,Low,7,3,29,2021,1,Consumer_Goods,5197
SHP-116090,1291,2.75,USA,India,Sea,CMA CGM,WH-014,4,1586,5453,3.86,0,5.17,3.88,2.9,3321.1,7002.55,Low,Wholesale,Pallet,74.9,On Schedule,89.2,1.98,1.5,Flat Rack,109.38,8.98,0,0,1.08,344.03,0.802,56.0,2.82,99.7,2024-05-29,38.4,45.1,8.7,96.0,149.65,Medium,5,2,22,2024,0,Electronics,29
SHP-117232,1397,2.95,USA,USA,Road,DB Schenker,WH-019,3,3930,4550,1.75,1,3.72,3.58,2.7,5198.7,4021.96,High,Government,Drum,64.5,Ahead of Schedule,100.0,0.53,0.29,40ft Dry,633.81,6.11,0,1,1.96,555.96,0.807,46.5,2.07,103.9,2024-07-29,6.9,9.5,25.9,344.45,114.88,Medium,7,3,31,2024,0,Automotive_Parts,720
SHP-117443,1084,3.64,Vietnam,Australia,Road,FedEx,WH-017,3,3044,5121,,1,4.9,3.5,4.15,6804.7,4936.01,Medium,Retail,Crate,49.1,Delayed,83.7,0.04,6.51,40ft Dry,5855.89,3.16,0,0,0.79,376.92,0.896,44.5,1.54,123.1,2021-06-30,6.7,10.7,17.8,564.97,155.22,Low,6,2,26,2021,0,Pharmaceuticals,1243
SHP-113656,1068,4.13,Bangladesh,UK,Road,CMA CGM,WH-007,0,2634,5961,1.34,0,3.9,3.92,,4098.0,11914.58,Critical,Retail,Drum,81.7,On Schedule,76.6,0.77,1.3,Open Top,900.74,3.46,0,0,0.97,563.27,0.571,69.7,2.34,84.6,2022-05-20,3.6,6.9,13.3,308.41,269.13,Medium,5,2,20,2022,1,Furniture,805
SHP-115645,1225,3.44,India,Australia,Air,Maersk,WH-013,1,2306,4527,1.06,0,4.29,2.74,0.25,50.0,45702.21,Low,Enterprise,Drum,94.1,Ahead of Schedule,100.0,1.45,3.35,40ft Dry,699.16,41.58,0,0,3.18,471.75,0.874,52.1,2.06,92.6,2024-06-07,6.7,8.5,15.3,59.78,920.02,Low,6,2,23,2024,0,Apparel,145
SHP-102730,1108,,Mexico,Australia,Air,CMA CGM,WH-003,1,3190,3190,1.21,1,8.32,3.89,6.77,3527.7,1578.3,High,Government,Bulk,63.2,On Schedule,89.5,2.76,2.27,20ft Dry,670.44,15.26,1,0,2.54,478.18,0.627,75.5,1.74,96.8,2022-06-07,3.8,13.4,30.0,977.16,129.28,Medium,6,2,23,2022,1,Automotive_Parts,163
SHP-103298,1175,3.28,Japan,India,Sea,Maersk,WH-019,1,1748,4942,0.96,0,5.91,3.67,2.94,5066.0,12617.29,Low,Wholesale,Drum,69.9,On Schedule,92.8,1.17,0.62,20ft Dry,309.67,11.71,1,0,0.74,709.97,0.713,43.2,1.85,86.5,2022-12-12,29.7,31.6,10.6,140.05,266.35,Medium,12,4,50,2022,0,Pharmaceuticals,98
SHP-108956,1387,5.0,USA,Japan,Rail,FedEx,WH-003,3,4096,5053,2.0,0,4.43,3.4,3.7,2447.1,28370.63,Medium,Retail,Crate,69.5,Delayed,,2.34,10.54,Reefer,2233.1,9.39,0,0,1.34,626.29,0.959,47.4,5.26,104.8,2023-12-09,7.7,18.4,24.3,150.32,582.44,Low,12,4,49,2023,1,Furniture,555
SHP-117410,1499,3.06,Mexico,India,Road,Kuehne+Nagel,WH-003,1,1240,1508,0.61,0,5.94,2.68,4.0,7055.4,4898.3,Medium,Retail,Drum,98.2,Ahead of Schedule,86.9,0.11,4.18,20ft Dry,3772.25,18.51,0,0,1.13,618.03,1.0,45.2,0.51,93.7,2022-12-03,5.5,6.9,24.7,405.04,138.47,Low,12,4,48,2022,0,Food_Beverage,925
SHP-115155,1362,3.92,Germany,India,Road,Expeditors,WH-007,1,3141,3002,2.26,0,5.42,3.59,1.28,2185.0,25385.42,High,Government,Carton,64.7,On Schedule,87.7,0.42,,40ft Dry,1341.79,14.98,0,0,0.68,589.24,0.922,56.0,4.91,108.4,2022-02-15,5.7,10.3,31.4,172.43,524.95,Low,2,1,7,2022,0,Electronics,282
SHP-117276,1079,3.17,Germany,USA,Road,DHL,WH-015,1,71,2516,2.08,0,5.05,3.83,2.55,501.5,4399.44,Low,Government,Pallet,81.7,Delayed,80.7,1.35,4.41,Open Top,719.78,15.96,0,0,1.26,473.41,0.877,39.3,0.76,95.0,2024-08-03,9.4,12.6,0.8,53.35,93.32,Low,8,3,31,2024,0,Apparel,439
SHP-106703,1407,3.07,Brazil,USA,Air,Kuehne+Nagel,WH-007,3,2781,5709,0.62,1,2.31,4.88,2.94,4668.9,30585.92,Low,Enterprise,Bulk,84.4,Delayed,98.9,0.73,1.47,40ft Dry,193.71,1.4,1,0,0.68,466.45,0.86,52.4,3.28,85.2,2021-07-20,4.6,6.1,14.6,1532.8,765.0,Medium,7,3,29,2021,0,Food_Beverage,61
SHP-101968,1359,4.64,Japan,UK,Sea,UPS,WH-010,2,3010,4006,5.08,1,2.33,4.23,2.23,3373.7,13864.33,High,Enterprise,Bulk,,Delayed,82.7,0.56,2.54,20ft Dry,341.6,24.57,1,1,1.5,436.9,0.869,50.9,1.2,106.3,2022-10-22,26.3,32.1,22.5,109.18,288.2,Low,10,4,42,2022,0,Electronics,368
SHP-104936,1232,3.01,Vietnam,France,Sea,Expeditors,WH-018,3,2147,4905,9.94,0,5.34,3.13,5.96,5295.5,17907.6,Low,Enterprise,Drum,50.9,Ahead of Schedule,88.8,1.93,0.09,20ft Dry,529.27,18.78,1,0,2.09,207.16,0.944,32.9,4.04,88.1,2024-03-13,25.2,42.1,13.1,126.75,370.83,Low,3,1,11,2024,1,Food_Beverage,162
SHP-102112,1464,3.47,Bangladesh,India,Sea,Expeditors,WH-001,0,2382,4547,1.2,0,5.64,3.07,4.23,1206.1,6849.92,Low,Wholesale,Bulk,93.2,On Schedule,92.0,0.25,1.9,Flat Rack,4592.73,4.43,1,0,0.43,450.14,0.896,57.0,2.99,108.5,2022-01-23,27.3,30.7,15.7,68.7,143.87,Low,1,1,3,2022,0,Automotive_Parts,3614
SHP-100878,1082,3.06,India,UK,Rail,FedEx,WH-004,3,2563,5768,6.35,0,3.15,4.31,5.57,3225.5,19778.01,Medium,Enterprise,Carton,75.3,On Schedule,91.6,4.86,0.25,20ft Dry,185.12,4.43,0,0,0.43,194.61,0.824,43.6,3.47,115.0,2022-10-16,12.1,24.4,13.3,188.22,414.38,Medium,10,4,41,2022,1,Furniture,61
SHP-119075,1167,4.17,Bangladesh,USA,Air,Maersk,WH-011,0,1226,5995,2.57,0,2.66,3.93,2.57,3344.6,14957.26,Low,Government,Bulk,99.8,On Schedule,82.4,0.49,4.47,40ft Dry,1146.39,4.98,0,1,0.71,256.22,0.772,46.3,5.54,91.3,2021-04-02,3.5,10.4,6.1,989.1,398.06,Low,4,2,13,2021,1,Automotive_Parts,373
SHP-112989,1236,4.49,Mexico,USA,Sea,Maersk,WH-003,2,109,4445,1.38,0,5.35,3.13,1.46,3565.0,16785.23,Low,Retail,Drum,65.0,Delayed,98.3,3.36,0.65,Flat Rack,66.61,3.76,0,0,3.16,333.84,0.695,36.2,1.92,85.8,2024-10-19,27.8,31.3,0.7,82.66,343.97,Low,10,4,42,2024,0,Pharmaceuticals,26
SHP-107277,1090,3.71,India,UK,Rail,DB Schenker,WH-015,1,4916,2541,0.49,0,4.49,4.25,6.17,3353.9,20750.89,Medium,Enterprise,Drum,58.9,On Schedule,88.1,0.91,0.41,20ft Dry,123.44,5.7,0,0,3.11,628.1,0.948,87.4,1.61,93.7,2023-05-03,11.2,16.2,58.0,191.43,434.16,Low,5,2,18,2023,1,Industrial_Equipment,43
SHP-105709,1148,3.32,Brazil,Canada,Rail,Kuehne+Nagel,WH-014,1,4934,604,7.57,0,4.63,2.24,2.18,710.4,10197.95,High,Enterprise,Drum,74.2,On Schedule,100.0,1.41,0.04,Open Top,713.78,16.93,0,1,1.08,411.59,0.96,76.1,5.61,115.7,2022-08-30,7.9,18.0,245.1,29.53,206.91,Low,8,3,35,2022,1,Apparel,181
SHP-112078,1286,3.4,South Korea,France,Air,UPS,WH-003,0,2059,3479,0.72,0,6.27,4.27,5.46,4628.7,21268.07,Medium,Enterprise,Pallet,62.0,Ahead of Schedule,90.5,0.6,2.75,20ft Dry,2938.9,1.59,0,0,4.47,859.19,0.784,36.4,1.23,117.0,2023-06-07,4.1,11.2,17.8,1640.13,589.37,Medium,6,2,23,2023,1,Consumer_Goods,717
SHP-106687,1353,4.33,Bangladesh,India,Road,CMA CGM,WH-014,1,1471,625,2.99,1,6.09,3.25,1.5,2233.9,6737.23,Medium,Wholesale,Crate,70.9,On Schedule,85.6,0.38,7.11,Flat Rack,631.82,1.76,0,1,1.15,532.92,0.905,62.4,0.22,99.7,2023-11-23,5.1,9.2,70.6,142.62,149.01,Low,11,4,47,2023,1,Consumer_Goods,233
SHP-106418,1455,2.75,Bangladesh,Germany,Road,Kuehne+Nagel,WH-016,0,1976,3019,1.31,0,3.37,3.87,2.18,2930.6,5965.88,Medium,Enterprise,Crate,89.6,On Schedule,70.3,1.41,1.49,40ft Dry,2503.67,15.69,0,1,0.77,806.07,0.936,23.7,0.71,89.7,2024-09-22,6.7,5.9,19.6,268.54,146.17,Medium,9,3,38,2024,0,Food_Beverage,783
SHP-110431,1013,3.46,Brazil,UK,Rail,DB Schenker,WH-014,1,1952,2528,3.26,0,2.27,2.32,1.72,1306.3,7133.48,Medium,Retail,Drum,64.0,On Schedule,85.5,1.65,4.39,Flat Rack,260.13,3.17,0,0,4.17,500.84,0.893,47.1,2.54,104.7,2021-01-19,13.3,20.8,23.2,43.31,147.0,Low,1,1,3,2021,0,Furniture,55
SHP-109982,1078,3.5,India,Japan,Road,CMA CGM,WH-005,1,4410,4276,3.65,0,4.39,3.59,2.57,3138.0,1222.35,Medium,Retail,Pallet,60.4,Delayed,94.0,0.07,2.63,Flat Rack,700.1,4.51,0,0,4.9,530.7,0.613,38.7,4.86,66.0,2022-07-09,3.6,15.3,30.9,216.54,46.1,Medium,7,3,27,2022,1,Industrial_Equipment,674
SHP-119073,1377,3.58,Japan,Netherlands,Road,Kuehne+Nagel,WH-018,0,2039,4615,1.93,1,3.81,4.28,4.1,6091.3,6869.03,Medium,Enterprise,Bulk,58.7,On Schedule,87.3,1.44,1.28,Flat Rack,1051.13,19.96,0,0,4.24,514.99,0.771,53.2,0.67,109.5,2023-11-08,6.7,13.0,13.3,491.83,186.56,Medium,11,4,45,2023,1,Pharmaceuticals,1024
SHP-104629,1241,3.73,China,USA,Sea,Expeditors,WH-018,6,4747,4734,3.05,0,3.32,3.52,1.13,1717.9,7073.22,Low,Enterprise,Crate,56.8,Delayed,80.8,0.21,2.64,Open Top,438.32,10.25,1,0,0.73,549.48,0.536,38.5,2.52,103.0,2022-11-09,23.2,28.0,30.1,49.0,146.36,Medium,11,4,45,2022,0,Pharmaceuticals,490
SHP-108862,1297,3.62,Vietnam,UK,Road,Kuehne+Nagel,WH-014,3,4757,3793,0.62,0,5.57,3.22,0.69,3327.7,75870.06,High,Enterprise,Crate,91.6,Ahead of Schedule,89.5,0.12,0.67,40ft Dry,127.24,3.41,0,1,1.62,745.21,0.864,55.0,2.89,108.7,2024-10-20,1.0,1.0,37.6,191.98,1536.6,Low,10,4,42,2024,0,Pharmaceuticals,37
SHP-104667,1215,3.06,Bangladesh,USA,Sea,CMA CGM,WH-018,2,2881,4726,,0,5.67,3.1,4.46,4581.1,7845.68,Critical,Government,Bulk,60.7,Delayed,91.1,0.16,0.02,20ft Dry,766.06,4.75,0,0,1.54,700.37,1.0,37.8,1.02,108.6,2023-02-28,27.0,30.9,18.3,111.41,168.05,Low,2,1,9,2023,0,Food_Beverage,321
SHP-114163,1465,3.25,Brazil,UK,Road,Expeditors,WH-006,2,4856,5626,1.58,0,7.0,2.96,1.45,9983.6,2842.7,Medium,Wholesale,Bulk,61.0,Ahead of Schedule,81.2,0.95,1.55,Open Top,484.6,64.85,0,0,1.88,762.77,1.0,23.9,3.4,99.0,2022-06-10,5.4,7.1,25.9,531.62,110.02,Low,6,2,23,2022,0,Automotive_Parts,122
SHP-100385,1445,3.12,USA,UK,Road,CMA CGM,WH-020,2,254,211,1.32,0,1.72,3.98,4.79,603.4,1021.36,Medium,Retail,Carton,67.3,On Schedule,84.2,3.88,3.32,Open Top,287.32,9.34,0,1,1.35,447.84,1.0,53.8,2.33,88.1,2023-08-24,7.5,12.8,36.1,50.45,25.47,Low,8,3,34,2023,1,Apparel,82
SHP-104186,1358,3.39,Mexico,France,Air,FedEx,WH-019,2,1771,3559,3.28,0,2.6,2.97,1.9,6617.6,4344.77,Low,Enterprise,Pallet,97.6,On Schedule,86.8,1.69,5.34,40ft Dry,1807.56,10.91,0,0,2.06,687.78,0.829,48.5,3.53,98.9,2023-09-01,6.1,13.9,14.9,1442.76,231.17,Low,9,3,35,2023,1,Automotive_Parts,903
SHP-105345,1049,4.72,South Korea,Netherlands,Air,UPS,WH-010,2,3537,2838,2.31,0,7.06,3.32,3.69,6928.6,2872.78,High,Government,Bulk,74.0,Delayed,78.1,1.03,0.29,Reefer,341.38,59.02,0,0,6.87,621.0,0.658,48.1,1.75,84.5,2021-08-04,5.0,14.4,37.4,1552.26,212.68,Low,8,3,31,2021,1,Electronics,75
SHP-102195,1423,3.53,Bangladesh,Canada,Road,DHL,WH-019,1,4675,109,1.7,0,9.09,3.42,2.39,1587.3,9966.1,Medium,Retail,Pallet,100.0,Delayed,97.3,0.89,0.13,Reefer,208.63,6.19,0,0,3.72,662.71,0.742,73.2,0.84,96.0,2022-10-30,8.9,12.4,365.0,100.83,209.4,Medium,10,4,43,2022,0,Electronics,53
SHP-114990,1067,,China,Germany,Road,Maersk,WH-005,2,551,3242,1.5,0,5.36,3.56,2.05,762.5,16818.26,Critical,Government,Drum,74.6,Delayed,89.6,3.56,0.27,Open Top,210.06,7.21,0,0,0.57,532.01,0.688,67.9,3.05,88.4,2022-06-27,8.2,11.5,5.1,53.18,341.68,Low,6,2,26,2022,0,Electronics,122
SHP-112634,1153,3.39,Bangladesh,UAE,Air,Kuehne+Nagel,WH-019,1,1376,172,3.49,0,5.88,4.02,10.0,6207.3,16477.69,Medium,Wholesale,Carton,76.0,On Schedule,82.4,0.37,2.27,Open Top,1409.39,13.88,0,1,2.92,469.32,0.708,52.6,4.4,104.8,2022-03-10,6.3,22.9,240.0,1801.3,509.68,Medium,3,1,10,2022,1,Food_Beverage,659
SHP-101077,1252,1.98,Bangladesh,UAE,Sea,DHL,WH-005,4,3583,2296,1.21,1,5.97,3.6,1.64,1387.4,9306.5,High,Wholesale,Crate,99.1,On Schedule,76.9,0.94,1.87,40ft Dry,1023.7,13.44,0,0,0.48,425.26,0.739,56.5,2.33,87.1,2023-01-25,26.3,27.8,46.8,47.56,190.89,Medium,1,1,4,2023,0,Industrial_Equipment,535
SHP-106286,1070,3.78,Brazil,Germany,Rail,CMA CGM,WH-019,3,2194,5670,5.62,0,7.33,2.69,0.23,5043.8,26514.68,Low,Wholesale,Drum,100.0,Delayed,85.7,2.7,1.23,20ft Dry,1274.83,5.49,1,0,0.34,757.49,0.742,58.5,1.21,90.8,2024-01-26,6.6,11.0,11.6,197.73,550.07,Medium,1,1,4,2024,1,Industrial_Equipment,1054
SHP-105933,1209,3.9,Mexico,USA,Sea,DHL,WH-005,3,3618,2975,1.69,0,0.32,4.35,1.61,6842.0,9943.34,Medium,Government,Pallet,51.1,Delayed,81.1,0.27,2.22,Flat Rack,106.0,29.73,0,0,1.02,469.83,1.0,55.6,0.51,112.4,2023-01-09,29.6,29.1,36.5,220.2,220.89,Low,1,1,2,2023,0,Pharmaceuticals,91
SHP-118512,1121,3.23,Germany,UK,Road,DHL,WH-016,3,4250,531,3.66,1,6.51,3.76,,5537.2,10585.0,Medium,Enterprise,Pallet,96.5,On Schedule,,3.14,0.42,40ft Dry,395.37,2.8,0,0,2.7,495.58,0.863,51.3,1.19,101.9,2021-03-12,5.2,11.4,240.1,377.9,249.49,Low,3,1,10,2021,1,Industrial_Equipment,84
SHP-119717,1240,3.2,Brazil,India,Road,Maersk,WH-008,1,388,5203,1.07,1,7.85,3.98,1.61,6981.0,21957.0,High,Enterprise,Pallet,83.8,On Schedule,76.7,1.12,0.1,Open Top,3372.57,9.94,0,0,2.2,663.58,0.855,54.0,5.64,94.0,2023-11-25,8.4,11.9,2.2,585.06,497.65,Medium,11,4,47,2023,0,Apparel,1365
SHP-113363,1332,2.64,China,India,Road,Expeditors,WH-004,1,4238,5245,0.37,0,7.61,3.33,1.86,426.6,13406.16,Medium,Wholesale,Drum,77.3,On Schedule,99.9,0.19,7.12,Reefer,411.27,1.15,0,1,1.37,400.46,0.937,80.6,0.75,93.4,2022-02-18,5.6,7.1,24.2,34.74,271.6,Medium,2,1,7,2022,0,Furniture,185
SHP-108072,1019,3.73,China,UAE,Sea,DHL,WH-020,4,3690,1132,6.8,0,5.34,4.83,1.78,4231.8,2824.56,Low,Government,Bulk,42.2,Delayed,88.1,0.1,0.1,Open Top,921.81,2.89,0,1,4.57,465.07,0.702,56.2,3.73,109.6,2021-09-08,19.0,30.6,97.8,163.39,72.83,Medium,9,3,36,2021,1,Consumer_Goods,244
SHP-117020,1321,3.09,India,Australia,Rail,DHL,WH-015,2,2927,4490,1.78,0,2.76,2.03,3.51,1061.1,60032.05,Medium,Wholesale,Crate,77.3,On Schedule,85.1,1.56,0.49,40ft Dry,78.7,2.61,0,1,0.55,297.65,0.851,46.1,2.45,97.7,2022-01-06,8.4,11.3,19.6,29.36,1203.58,Medium,1,1,1,2022,0,Furniture,26
SHP-109543,1295,4.1,USA,India,Rail,DB Schenker,WH-008,2,2722,5482,0.49,0,5.8,2.94,0.94,4186.2,1262.98,Medium,Retail,Pallet,80.0,Delayed,77.8,0.26,1.62,Flat Rack,1626.46,16.54,0,0,3.64,621.05,0.813,52.0,1.49,84.5,2021-07-29,8.9,10.1,14.9,188.21,44.08,Low,7,3,30,2021,0,Apparel,345
SHP-119094,1080,2.36,India,UK,Sea,Maersk,WH-019,2,508,5253,3.12,0,3.91,2.55,2.49,4472.0,14259.28,Medium,Enterprise,Carton,67.0,On Schedule,81.0,1.67,0.07,Open Top,37.98,2.08,0,0,0.65,731.64,0.712,20.9,3.22,110.7,2022-02-25,20.2,25.3,2.9,84.13,293.6,Medium,2,1,8,2022,0,Pharmaceuticals,9
SHP-113355,1116,4.42,India,Japan,Rail,FedEx,WH-018,1,531,4780,2.18,0,5.72,3.7,2.78,2909.0,18391.14,High,Retail,Pallet,79.8,Delayed,79.7,0.14,0.07,Reefer,1281.17,1.98,0,0,1.12,554.08,0.758,30.5,3.7,90.0,2023-12-23,14.5,18.6,3.3,167.55,384.58,Low,12,4,51,2023,0,Industrial_Equipment,482
SHP-118631,1250,3.92,Brazil,India,Road,UPS,WH-009,1,1126,3636,2.72,0,5.19,2.92,,5298.9,31951.89,Critical,Retail,Crate,85.1,Delayed,79.0,0.43,3.05,20ft Dry,341.29,13.8,1,0,1.39,417.75,0.932,46.3,0.93,119.2,2021-04-25,5.9,8.3,9.3,280.08,667.05,Low,4,2,16,2021,0,Pharmaceuticals,156
SHP-102848,1081,3.63,Bangladesh,India,Road,UPS,WH-008,1,1317,5395,0.86,0,5.95,3.95,10.0,3050.0,2719.21,Medium,Wholesale,Drum,86.5,On Schedule,99.8,0.19,0.91,Reefer,266.12,6.42,0,0,0.98,480.35,0.92,53.3,0.3,100.5,2023-11-26,5.5,12.1,7.3,220.02,76.39,Low,11,4,47,2023,1,Pharmaceuticals,54
SHP-112791,1261,3.75,Brazil,France,Air,UPS,WH-015,1,4946,1820,3.25,0,3.42,3.13,5.34,4146.4,9007.07,Low,Government,Pallet,73.4,Delayed,91.3,0.36,1.17,Open Top,997.51,5.26,0,0,0.39,684.4,0.831,40.0,3.25,96.6,2023-03-23,1.3,7.9,81.5,941.5,274.29,Low,3,1,12,2023,1,Apparel,267
SHP-107722,1071,3.58,Japan,Australia,Air,FedEx,WH-002,2,3117,4685,1.4,0,5.46,3.34,3.85,5524.0,5414.39,Critical,Wholesale,Pallet,88.6,Ahead of Schedule,83.5,0.73,0.28,Reefer,2090.79,51.88,0,0,1.0,743.62,0.921,39.0,1.26,85.8,2023-05-06,2.6,3.9,20.0,1405.82,248.87,Low,5,2,18,2023,0,Pharmaceuticals,437
SHP-100812,1131,3.35,USA,USA,Road,DHL,WH-015,1,4000,4722,0.85,0,4.76,4.29,0.92,5172.6,14805.45,High,Enterprise,Drum,86.3,On Schedule,89.8,0.77,2.61,Reefer,1561.25,12.59,0,1,1.18,555.8,0.834,52.0,3.34,99.7,2023-10-11,6.0,7.5,25.4,438.87,340.0,Low,10,4,41,2023,0,Apparel,1511
SHP-111193,1389,4.54,Bangladesh,Canada,Rail,Expeditors,WH-020,3,1594,3101,0.26,0,3.75,3.29,3.14,2757.1,5560.5,High,Government,Carton,77.1,On Schedule,99.8,1.05,6.43,20ft Dry,902.84,7.22,0,0,0.86,735.07,0.885,22.4,1.56,91.6,2023-08-25,9.3,12.1,15.4,135.78,124.79,Low,8,3,34,2023,0,Automotive_Parts,209
SHP-105135,1332,4.58,Vietnam,Japan,Rail,DHL,WH-015,1,755,3714,1.64,0,6.51,3.99,2.67,4192.9,5670.69,Low,Wholesale,Carton,79.7,Delayed,76.5,1.26,7.43,40ft Dry,353.21,3.05,0,1,1.56,64.26,0.693,54.2,3.26,103.2,2021-12-14,8.0,15.7,6.1,228.88,136.3,Low,12,4,50,2021,1,Industrial_Equipment,105
SHP-108510,1212,3.86,Vietnam,India,Sea,DHL,WH-012,2,4698,219,3.34,0,7.62,3.65,1.98,1391.3,16501.57,Medium,Wholesale,Pallet,93.6,On Schedule,98.3,0.49,5.24,20ft Dry,725.87,7.07,1,1,6.65,192.41,0.853,54.5,3.3,102.4,2023-05-12,22.0,33.0,365.0,45.13,334.54,Low,5,2,19,2023,1,Industrial_Equipment,692
SHP-107434,1105,2.82,India,Australia,Air,CMA CGM,WH-009,2,4366,4043,0.95,1,5.99,3.57,6.3,1449.7,2444.87,Low,Enterprise,Crate,78.2,On Schedule,88.8,0.71,3.54,20ft Dry,474.77,9.94,0,0,1.3,433.45,0.915,50.1,1.17,98.9,2024-09-21,3.7,9.0,32.4,387.36,87.63,Medium,9,3,38,2024,1,Consumer_Goods,151
SHP-116476,1479,4.34,Mexico,USA,Road,CMA CGM,WH-017,0,345,2586,2.06,0,6.76,2.65,4.16,4528.6,64965.11,Critical,Enterprise,Carton,86.5,On Schedule,90.9,1.74,4.17,20ft Dry,1272.37,38.92,1,0,1.46,668.96,0.714,62.8,3.5,80.1,2024-02-20,7.7,15.7,4.0,235.58,1322.86,Low,2,1,8,2024,1,Automotive_Parts,355
SHP-100936,1367,3.84,Vietnam,France,Road,Expeditors,WH-018,0,4952,1557,1.35,0,6.59,3.69,4.02,1944.8,11984.17,High,Wholesale,Pallet,97.6,Ahead of Schedule,,0.63,0.19,40ft Dry,1591.73,105.13,0,1,4.02,859.23,0.608,47.8,1.85,116.8,2024-09-13,9.1,15.7,95.4,168.1,256.49,Medium,9,3,37,2024,1,Furniture,2866
SHP-111965,1431,3.62,Mexico,Netherlands,Air,Expeditors,WH-016,2,2958,700,0.55,0,10.0,3.34,2.39,4148.0,3900.6,Low,Wholesale,Crate,,On Schedule,86.9,1.26,1.48,40ft Dry,243.7,3.23,0,0,2.08,316.64,1.0,26.0,4.52,79.6,2024-07-10,3.3,5.8,126.8,938.38,171.85,Low,7,3,28,2024,0,Electronics,96
SHP-101692,1492,3.84,Germany,USA,Sea,CMA CGM,WH-020,2,837,4645,1.79,0,5.93,2.09,2.8,4412.0,24251.75,Medium,Retail,Carton,,On Schedule,79.3,0.93,,Reefer,400.05,7.53,0,0,1.49,251.47,0.761,48.4,0.48,104.5,2023-06-23,25.6,27.7,5.4,70.26,492.06,Low,6,2,25,2023,0,Automotive_Parts,95
SHP-106216,1493,2.61,Bangladesh,UAE,Rail,FedEx,WH-009,1,3730,4296,10.0,0,5.76,3.39,3.04,4749.8,8017.43,Low,Enterprise,Pallet,89.9,Ahead of Schedule,89.9,0.44,3.21,Flat Rack,976.12,6.77,0,1,3.81,475.77,0.84,64.1,0.39,73.9,2024-03-21,6.4,21.1,26.0,230.63,183.41,Medium,3,1,12,2024,1,Electronics,534
SHP-109459,1108,4.25,Bangladesh,France,Road,DB Schenker,WH-006,2,1833,4816,5.6,0,2.11,3.44,1.48,4640.0,5384.28,Medium,Retail,Pallet,57.0,On Schedule,73.7,1.83,1.13,20ft Dry,1766.16,12.68,1,0,1.23,171.49,0.903,67.1,4.45,107.6,2022-07-06,8.3,15.8,11.4,324.56,140.14,Low,7,3,27,2022,1,Automotive_Parts,689
SHP-112527,1078,2.62,Germany,India,Air,UPS,WH-004,0,3847,93,1.87,0,0.68,4.15,3.48,2006.1,10873.5,Medium,Enterprise,Carton,,On Schedule,81.8,1.92,1.24,40ft Dry,459.66,2.3,1,0,5.73,527.52,0.916,67.7,3.3,108.1,2022-08-20,4.9,12.5,365.0,601.43,277.61,Medium,8,3,33,2022,1,Furniture,185
SHP-115484,1167,4.47,Japan,USA,Air,Expeditors,WH-014,0,413,253,1.52,0,6.67,2.39,10.0,6043.9,24516.42,Low,Enterprise,Crate,74.0,On Schedule,97.1,1.66,2.56,20ft Dry,1922.94,2.26,1,1,3.53,204.25,0.577,45.7,2.7,93.7,2023-06-02,3.4,18.5,49.0,1077.57,598.09,Medium,6,2,22,2023,1,Automotive_Parts,1035
SHP-105792,1429,3.29,Japan,France,Air,Maersk,WH-008,1,510,119,2.0,0,4.73,3.93,4.78,2710.3,3368.29,Low,Enterprise,Crate,,Delayed,97.9,0.6,2.27,Open Top,80.7,2.54,0,0,3.56,375.09,0.87,51.3,2.7,86.6,2022-02-01,5.6,13.3,128.5,713.27,138.69,Low,2,1,5,2022,1,Furniture,17
SHP-112266,1479,3.97,India,Netherlands,Rail,UPS,WH-018,2,3256,1100,4.28,0,4.33,2.24,1.84,3747.4,18687.31,Medium,Wholesale,Carton,78.5,On Schedule,81.6,3.22,1.16,Flat Rack,1914.89,11.43,0,1,4.35,700.89,0.673,32.6,0.12,78.6,2023-09-28,12.1,20.0,88.8,133.81,387.13,Medium,9,3,39,2023,1,Pharmaceuticals,477
SHP-102221,1407,4.68,USA,Netherlands,Sea,DB Schenker,WH-008,2,1529,3597,2.11,0,4.46,2.92,3.57,3632.4,2198.2,High,Wholesale,Carton,69.2,On Schedule,89.9,0.15,3.4,40ft Dry,764.09,49.14,0,0,2.34,768.89,0.881,60.6,2.18,104.5,2021-05-06,32.8,38.0,12.8,84.55,52.42,Low,5,2,18,2021,0,Industrial_Equipment,766
SHP-115757,1369,3.09,South Korea,Japan,Air,Maersk,WH-020,3,1570,2138,8.44,0,5.6,3.14,8.02,2621.5,10197.3,High,Enterprise,Bulk,81.1,Delayed,97.9,3.47,1.1,20ft Dry,299.08,2.0,0,0,0.8,114.32,0.729,48.1,0.62,114.6,2022-09-08,5.3,21.6,22.0,569.59,260.9,Medium,9,3,36,2022,1,Pharmaceuticals,60
SHP-104693,1077,4.76,China,UK,Road,FedEx,WH-002,1,3899,3236,1.68,0,6.83,2.24,1.95,4468.8,8014.03,Critical,Enterprise,Bulk,89.1,Delayed,95.1,0.36,,Flat Rack,1078.93,2.27,0,0,0.75,288.79,0.693,28.9,1.96,107.5,2023-11-19,6.7,8.0,36.1,193.71,179.65,Low,11,4,46,2023,0,Automotive_Parts,242
SHP-110108,1107,2.13,India,Netherlands,Road,DB Schenker,WH-014,1,394,2322,4.11,0,1.58,3.9,4.93,4653.0,6450.42,Medium,Wholesale,Bulk,74.8,On Schedule,90.8,0.01,6.31,Flat Rack,281.94,10.7,0,0,3.66,675.19,0.8,49.3,2.45,95.8,2021-10-26,6.9,19.4,5.1,328.0,161.81,Medium,10,4,43,2021,1,Food_Beverage,159
SHP-105107,1110,2.48,China,UK,Sea,DHL,WH-012,0,3129,1430,2.77,0,5.92,3.67,4.56,2877.6,11343.89,Low,Wholesale,Drum,88.6,On Schedule,88.0,0.28,1.4,Open Top,1156.16,26.69,1,1,4.13,436.25,0.825,56.3,1.23,87.8,2024-01-30,27.3,35.0,65.6,90.13,235.89,Medium,1,1,5,2024,0,Furniture,271
SHP-113480,1244,4.03,USA,India,Sea,UPS,WH-005,1,3982,5815,2.25,0,5.65,3.93,1.88,6657.8,4971.43,Medium,Retail,Carton,95.7,Delayed,97.2,0.6,0.13,Flat Rack,270.82,8.38,1,0,2.17,339.42,0.749,34.6,5.43,99.4,2021-09-10,24.7,30.1,20.5,195.52,118.98,Low,9,3,36,2021,0,Automotive_Parts,277
SHP-104745,1159,3.18,Japan,India,Air,CMA CGM,WH-008,2,1537,2216,,0,5.11,3.57,2.18,2240.7,13341.52,Medium,Enterprise,Carton,55.8,On Schedule,88.2,0.14,6.24,40ft Dry,220.66,10.49,0,0,4.46,202.96,0.846,55.7,1.74,108.3,2022-11-25,4.6,9.2,20.8,550.22,321.85,Medium,11,4,47,2022,1,Food_Beverage,44
SHP-101604,1440,5.0,South Korea,Australia,Sea,DHL,WH-015,1,57,742,1.06,0,7.08,3.21,2.16,2861.8,9074.85,Medium,Wholesale,Crate,96.9,Delayed,90.4,0.33,1.39,40ft Dry,749.29,10.03,0,0,2.92,373.18,0.809,59.8,0.1,98.8,2024-10-22,34.1,35.5,2.3,74.62,188.96,Low,10,4,43,2024,0,Automotive_Parts,214
SHP-117395,1014,3.3,Germany,UAE,Road,Kuehne+Nagel,WH-001,1,563,4708,1.44,0,6.27,4.45,4.13,4482.8,3225.12,Medium,Government,Bulk,69.6,Delayed,88.9,0.32,0.35,20ft Dry,216.65,6.11,0,1,0.96,171.5,0.736,44.3,4.24,96.6,2024-05-02,5.2,10.2,3.6,358.84,100.39,Medium,5,2,18,2024,1,Industrial_Equipment,63
SHP-116863,1487,3.11,Bangladesh,France,Air,CMA CGM,WH-010,3,4547,175,1.62,0,2.91,3.39,1.1,3035.9,5114.32,Medium,Wholesale,Crate,70.2,On Schedule,85.9,0.45,2.95,40ft Dry,597.53,18.98,1,1,3.88,353.89,0.752,20.6,1.25,98.2,2023-03-26,5.3,8.9,365.0,734.69,175.76,Medium,3,1,12,2023,1,Food_Beverage,659
SHP-108213,1001,3.37,China,India,Rail,Kuehne+Nagel,WH-011,3,909,5585,2.38,0,5.21,2.97,5.33,4751.7,1481.38,High,Wholesale,Crate,87.5,On Schedule,88.3,0.87,,20ft Dry,196.93,37.32,0,0,3.67,405.94,0.738,60.4,1.31,102.0,2021-11-06,11.2,19.4,4.9,189.88,48.62,Medium,11,4,44,2021,1,Pharmaceuticals,43
SHP-101092,1079,4.42,South Korea,France,Sea,UPS,WH-006,1,3720,4499,6.81,0,4.82,3.87,2.99,2946.2,8959.64,Low,Enterprise,Bulk,75.3,On Schedule,79.2,0.32,1.24,Flat Rack,894.12,0.53,0,0,1.54,487.74,0.891,60.3,3.41,115.4,2022-09-19,11.9,21.3,24.8,94.01,188.59,Low,9,3,38,2022,1,Industrial_Equipment,1418
SHP-113884,1057,3.5,South Korea,France,Rail,UPS,WH-012,3,2557,383,0.71,0,7.19,3.67,,4769.1,7961.99,High,Wholesale,Pallet,28.0,On Schedule,85.3,1.7,0.33,Open Top,206.0,11.02,0,0,3.51,582.67,0.652,42.1,8.68,89.1,2022-12-26,11.1,19.6,200.3,235.65,182.8,Medium,12,4,52,2022,1,Automotive_Parts,130
SHP-106311,1079,5.0,Vietnam,Canada,Road,Expeditors,WH-019,4,2261,3599,0.64,0,4.72,2.79,1.45,6944.4,10158.24,Medium,Wholesale,Bulk,100.0,On Schedule,90.7,0.14,3.76,Reefer,678.06,12.75,0,0,1.4,707.92,0.898,69.8,1.52,103.5,2024-06-12,8.6,8.7,18.8,355.26,238.69,Low,6,2,24,2024,0,Electronics,593
SHP-109012,1375,4.7,Vietnam,France,Road,Expeditors,WH-018,0,1355,4846,0.46,0,2.57,3.67,2.1,6121.1,1235.93,Medium,Enterprise,Pallet,85.5,On Schedule,79.1,0.35,0.2,20ft Dry,29.7,13.05,0,0,5.21,662.06,0.699,56.4,2.07,97.8,2024-10-01,6.1,10.2,8.4,397.2,64.44,Low,10,4,40,2024,1,Electronics,7
SHP-100351,1146,3.81,Bangladesh,Japan,Sea,UPS,WH-017,1,2094,64,0.43,0,5.67,3.29,3.54,2948.0,6072.3,Low,Retail,Bulk,100.0,Delayed,89.3,3.55,1.45,Flat Rack,764.61,5.43,0,1,4.41,467.24,0.944,56.6,0.55,98.2,2024-08-26,24.5,27.9,365.0,78.71,129.32,Low,8,3,35,2024,0,Pharmaceuticals,549
SHP-114782,1244,2.81,South Korea,USA,Rail,DB Schenker,WH-002,1,3682,2218,4.38,0,5.48,2.92,1.31,1939.2,5124.49,High,Wholesale,Bulk,59.3,On Schedule,95.8,0.24,5.43,20ft Dry,560.65,18.85,0,0,2.82,625.28,0.607,62.7,1.25,97.9,2021-03-27,5.6,14.0,49.8,83.61,110.85,Medium,3,1,12,2021,1,Furniture,122
SHP-101530,1167,2.8,South Korea,UAE,Sea,DB Schenker,WH-019,3,2049,2546,1.73,0,8.23,3.29,1.81,5300.8,1748.34,Critical,Government,Pallet,79.4,On Schedule,86.3,0.28,6.55,40ft Dry,352.32,5.56,0,0,1.25,670.31,0.926,44.1,3.06,89.1,2021-12-16,30.8,34.9,24.1,131.64,48.13,Medium,12,4,50,2021,0,Apparel,102
SHP-113591,1491,3.91,China,France,Rail,Expeditors,WH-002,4,4563,686,0.71,0,0.07,5.03,0.52,4030.1,1893.84,Low,Retail,Carton,86.7,Ahead of Schedule,85.8,1.01,1.37,20ft Dry,1718.3,3.04,0,0,1.61,312.61,0.703,54.9,2.15,107.1,2024-10-30,8.9,9.7,199.5,314.06,69.28,Medium,10,4,44,2024,0,Pharmaceuticals,2593
SHP-115215,1338,3.24,Brazil,UAE,Sea,Kuehne+Nagel,WH-020,3,4812,1676,4.53,0,1.34,3.74,2.75,4246.6,2519.47,Low,Enterprise,Drum,86.2,On Schedule,79.5,0.31,0.71,40ft Dry,155.5,4.36,0,0,1.1,843.07,0.786,24.3,2.15,80.0,2022-01-17,25.7,31.4,86.1,118.49,62.24,Medium,1,1,3,2022,0,Industrial_Equipment,297
SHP-111540,1003,4.37,Bangladesh,UK,Road,Kuehne+Nagel,WH-012,1,2400,2751,3.73,0,6.73,3.37,1.2,3822.9,21494.7,High,Enterprise,Crate,83.8,Delayed,89.6,1.46,0.98,Open Top,550.41,63.29,0,1,2.22,450.6,0.74,60.6,3.37,101.6,2024-07-30,9.5,15.6,26.2,240.44,453.94,Low,7,3,31,2024,1,Apparel,751
SHP-100218,1038,4.22,Brazil,Netherlands,Road,DHL,WH-020,2,3861,3547,2.0,0,9.31,2.68,0.61,7498.5,4107.82,Low,Government,Pallet,77.7,On Schedule,99.9,0.25,0.34,40ft Dry,2290.05,3.85,1,0,0.95,186.05,0.999,46.2,3.47,119.7,2024-07-19,6.1,5.6,32.7,397.96,121.95,Low,7,3,29,2024,0,Industrial_Equipment,710
SHP-106813,1443,3.86,Vietnam,Canada,Air,DB Schenker,WH-016,0,4864,3972,1.86,0,2.96,3.04,2.32,2651.1,25351.3,Medium,Enterprise,Crate,65.3,On Schedule,85.0,0.88,1.38,40ft Dry,755.58,5.85,0,1,2.35,427.48,0.787,59.6,0.35,106.1,2023-11-27,4.1,6.6,36.7,594.14,566.44,Low,11,4,48,2023,0,Automotive_Parts,184
SHP-105357,1056,3.67,Japan,UAE,Sea,DHL,WH-013,2,4131,5164,4.48,0,3.42,3.16,1.68,4575.3,2320.51,Medium,Enterprise,Carton,76.0,Delayed,94.6,0.3,0.36,20ft Dry,1778.44,6.92,1,0,1.02,536.15,0.959,42.8,4.19,122.6,2023-04-22,24.0,28.5,24.0,122.84,58.69,Low,4,2,16,2023,0,Food_Beverage,1130
SHP-115729,1378,2.86,Bangladesh,Netherlands,Road,DHL,WH-013,2,986,1146,2.71,0,1.7,2.9,1.89,50.0,6337.82,Medium,Retail,Drum,71.0,Delayed,,1.98,1.31,20ft Dry,828.27,4.16,0,0,4.74,184.78,0.881,50.8,5.99,61.9,2021-11-20,5.8,14.3,25.8,19.51,128.71,Medium,11,4,46,2021,1,Consumer_Goods,192
SHP-113043,1245,3.28,India,Germany,Road,Kuehne+Nagel,WH-006,2,666,2470,4.23,0,5.42,3.35,2.65,2576.4,21572.06,Medium,Retail,Carton,84.1,Delayed,79.3,1.68,3.72,40ft Dry,656.58,0.93,1,1,3.62,572.92,0.802,53.6,0.42,97.2,2023-12-02,9.1,17.5,8.1,167.84,448.23,Medium,12,4,48,2023,0,Consumer_Goods,867
SHP-101453,1139,3.37,Brazil,India,Road,Kuehne+Nagel,WH-018,1,3276,1738,1.11,0,8.85,3.41,2.76,4000.9,20871.85,Low,Retail,Carton,50.1,On Schedule,95.1,0.66,3.23,Flat Rack,581.13,0.48,0,1,5.4,260.14,0.714,60.9,2.6,79.8,2022-08-31,7.4,15.0,56.5,254.75,442.91,Medium,8,3,35,2022,1,Apparel,142
SHP-114932,1323,2.89,Vietnam,USA,Road,DHL,WH-012,1,4000,5128,1.35,0,9.19,3.57,0.98,1151.7,36490.26,Low,Government,Drum,66.0,On Schedule,76.9,2.59,4.27,40ft Dry,169.04,3.66,0,1,2.04,376.06,0.838,64.9,1.65,90.4,2023-11-12,6.0,8.9,23.4,76.82,737.49,Medium,11,4,45,2023,0,Pharmaceuticals,36
SHP-104740,1494,2.52,India,Japan,Sea,CMA CGM,WH-006,5,2956,3282,3.57,0,2.17,3.77,9.92,5279.2,9228.01,Medium,Government,Bulk,44.9,On Schedule,94.8,1.82,0.8,40ft Dry,1315.47,10.42,1,0,2.52,692.18,0.961,68.4,0.53,104.2,2022-06-12,23.6,35.0,27.0,160.93,200.65,Medium,6,2,23,2022,0,Food_Beverage,331
SHP-102814,1142,3.46,China,Australia,Air,DB Schenker,WH-002,2,1742,1664,1.18,0,1.63,3.39,1.22,4653.9,10199.7,Low,Wholesale,Bulk,41.6,Ahead of Schedule,92.6,0.75,2.38,Reefer,1482.61,3.68,0,0,1.06,278.26,0.864,45.4,3.96,89.8,2023-11-13,1.0,3.2,31.4,1177.09,321.7,Low,11,4,46,2023,1,Electronics,407
SHP-107886,1009,3.9,Mexico,UK,Sea,UPS,WH-018,1,1936,2856,1.37,0,0.78,3.99,0.89,7059.7,10840.64,High,Government,Pallet,77.6,Ahead of Schedule,88.1,1.37,6.62,40ft Dry,1278.22,16.01,0,1,1.53,331.79,0.854,62.2,4.21,101.9,2024-12-09,23.3,28.2,20.3,222.12,239.02,Low,12,4,50,2024,0,Food_Beverage,299
SHP-104973,1371,4.01,India,Germany,Road,Expeditors,WH-013,2,624,5468,1.08,1,5.61,2.79,1.84,7755.6,7879.1,High,Enterprise,Crate,58.4,On Schedule,69.9,0.17,10.82,Reefer,394.58,32.47,1,1,3.24,394.85,0.888,57.4,9.86,96.5,2021-06-28,8.0,20.5,3.4,389.62,196.54,Low,6,2,26,2021,1,Pharmaceuticals,580
SHP-101182,1112,3.14,Germany,Japan,Air,UPS,WH-001,2,3659,3540,1.95,1,6.34,3.87,2.9,2003.6,14016.52,Critical,Enterprise,Carton,63.3,On Schedule,90.0,1.17,0.97,Flat Rack,145.85,2.17,0,1,3.24,639.9,0.761,41.8,1.08,84.9,2022-06-20,5.2,9.5,31.0,528.07,333.14,Medium,6,2,25,2022,1,Industrial_Equipment,104
SHP-110035,1390,3.1,Mexico,Australia,Road,DB Schenker,WH-012,1,4598,773,0.88,0,6.25,4.08,1.07,3108.9,18388.21,Medium,Enterprise,Pallet,66.4,Delayed,84.2,0.1,1.69,Reefer,115.51,4.03,0,0,0.99,987.84,0.967,60.3,0.66,115.4,2021-06-24,6.7,4.6,178.4,227.17,390.48,Low,6,2,25,2021,0,Industrial_Equipment,109
SHP-103947,1098,2.91,India,UK,Air,CMA CGM,WH-008,1,1568,3991,1.2,0,5.47,2.9,3.34,2657.6,11892.78,High,Wholesale,Drum,81.6,On Schedule,77.4,2.04,1.52,Reefer,258.73,14.93,0,1,5.18,508.72,0.843,44.8,1.84,86.4,2021-10-18,1.5,7.6,11.8,529.89,290.84,Medium,10,4,42,2021,1,Pharmaceuticals,93
SHP-103189,1091,3.56,USA,UK,Sea,DB Schenker,WH-013,4,2075,3361,2.1,0,5.43,2.74,2.26,4906.4,86307.68,Critical,Government,Bulk,73.0,On Schedule,97.4,1.3,1.03,Flat Rack,198.1,6.41,1,0,2.61,396.48,0.876,38.4,0.33,74.6,2022-11-26,23.5,26.0,18.5,100.45,1736.2,Low,11,4,47,2022,0,Automotive_Parts,51
SHP-114480,1325,3.5,South Korea,USA,Road,UPS,WH-002,2,3661,5633,1.99,0,1.72,2.83,5.39,1669.0,27840.51,Medium,Retail,Crate,66.9,On Schedule,94.6,0.04,4.28,Open Top,583.23,7.83,1,0,2.76,466.07,0.678,53.9,1.79,78.2,2021-08-10,6.8,15.5,19.5,95.0,566.31,Medium,8,3,32,2021,1,Industrial_Equipment,175
SHP-119826,1364,4.57,Bangladesh,France,Road,DB Schenker,WH-012,1,2357,1543,2.98,1,6.38,3.48,5.53,5133.3,24805.64,Medium,Wholesale,Crate,85.6,On Schedule,89.2,0.86,0.34,Reefer,454.1,11.19,0,1,3.41,601.58,0.937,66.3,0.48,107.1,2024-12-23,11.6,18.2,45.8,326.4,528.75,Low,12,4,52,2024,1,Apparel,105
SHP-109623,1319,3.43,Germany,Canada,Road,DHL,WH-010,1,4526,3898,1.49,0,5.28,4.48,4.16,50.0,10041.22,Low,Government,Carton,56.4,Delayed,90.5,0.19,0.39,20ft Dry,654.37,4.4,0,0,2.99,537.29,0.698,58.4,5.9,116.4,2021-12-03,8.2,16.4,34.8,24.65,203.29,Medium,12,4,48,2021,1,Consumer_Goods,546
SHP-101006,1202,4.6,China,Netherlands,Road,CMA CGM,WH-006,0,3968,239,2.66,0,3.83,3.6,4.6,5550.8,1826.78,Medium,Government,Carton,71.4,On Schedule,99.2,2.64,0.78,20ft Dry,625.64,1.32,0,0,1.7,325.24,0.881,47.5,1.31,109.1,2021-01-14,6.7,12.1,365.0,368.54,73.39,Low,1,1,2,2021,1,Electronics,164
SHP-102325,1494,4.38,USA,India,Road,DB Schenker,WH-018,1,1241,1929,,0,3.16,3.07,,6324.2,8362.74,Medium,Enterprise,Carton,50.0,On Schedule,74.8,1.61,0.11,Open Top,2536.03,10.94,0,0,1.0,594.19,0.825,23.0,1.01,103.1,2022-10-14,3.5,9.0,19.3,397.58,207.01,Low,10,4,41,2022,1,Industrial_Equipment,1853
SHP-110645,1442,3.94,Brazil,Canada,Sea,Maersk,WH-012,1,3618,3965,0.71,0,5.46,3.19,1.57,2363.5,8297.4,Low,Retail,Crate,79.9,On Schedule,,0.11,0.68,20ft Dry,213.85,3.73,1,1,1.28,637.73,0.827,52.5,2.61,106.8,2023-10-03,21.9,21.7,27.4,57.44,171.69,Low,10,4,40,2023,0,Industrial_Equipment,124
SHP-119523,1197,3.67,South Korea,India,Sea,CMA CGM,WH-020,3,4991,5326,5.79,0,5.46,3.14,3.58,5356.9,14124.43,Critical,Wholesale,Carton,75.1,On Schedule,82.1,1.1,1.11,Flat Rack,556.95,10.27,0,1,2.88,701.49,0.693,31.2,1.95,107.1,2021-06-27,24.8,35.4,28.1,128.82,295.37,Medium,6,2,25,2021,0,Electronics,151
SHP-117725,1363,3.53,Brazil,Japan,Rail,FedEx,WH-017,3,4004,1980,2.24,0,2.71,4.01,5.0,6437.9,4190.45,Critical,Retail,Drum,83.8,On Schedule,90.0,1.25,0.47,Open Top,452.82,12.65,0,0,1.72,814.88,0.673,52.4,1.1,93.4,2022-08-15,9.6,15.8,60.7,351.3,118.94,Medium,8,3,33,2022,1,Food_Beverage,92
SHP-105743,1243,3.55,USA,USA,Road,CMA CGM,WH-015,3,3667,5464,1.49,0,5.32,3.78,2.81,2004.9,15698.28,Medium,Government,Carton,92.9,On Schedule,97.0,0.04,0.95,Reefer,429.43,4.82,0,0,3.74,494.73,0.846,72.8,0.78,113.3,2023-03-17,8.1,11.6,20.1,145.2,328.49,Low,3,1,11,2023,0,Pharmaceuticals,132
SHP-112680,1157,3.69,China,Canada,Road,UPS,WH-004,1,4851,4237,3.71,0,6.93,4.07,5.49,6433.3,3962.12,Medium,Government,Pallet,63.5,On Schedule,95.3,0.05,4.89,20ft Dry,276.72,40.69,0,0,7.47,438.43,0.721,66.2,1.84,94.0,2023-01-18,7.0,22.2,34.3,470.01,126.24,Medium,1,1,3,2023,1,Food_Beverage,371
SHP-114583,1394,3.67,USA,UK,Rail,UPS,WH-015,3,641,3237,0.58,0,6.38,2.96,3.95,50.0,12647.59,Medium,Government,Carton,62.2,Delayed,100.0,0.47,0.13,40ft Dry,303.86,6.4,0,1,0.74,92.99,0.919,77.5,3.23,96.1,2022-08-30,11.2,12.6,5.9,6.72,253.62,Low,8,3,35,2022,0,Electronics,93
SHP-119257,1360,4.43,India,UK,Rail,FedEx,WH-019,3,4790,759,3.51,0,5.99,3.26,1.28,3154.4,15870.45,Low,Wholesale,Pallet,57.7,Delayed,89.5,4.57,0.47,Open Top,1531.69,0.75,0,0,1.37,499.55,0.988,79.3,1.12,107.4,2022-11-04,12.0,14.2,189.3,162.54,333.66,Low,11,4,44,2022,0,Apparel,2218
SHP-111881,1317,3.96,Germany,Japan,Road,CMA CGM,WH-018,1,2252,554,2.02,0,4.82,2.89,1.69,3820.8,7589.92,High,Retail,Bulk,59.4,On Schedule,98.9,1.5,0.29,Reefer,305.01,2.45,0,0,2.13,799.22,0.886,43.8,0.4,102.1,2023-07-12,4.7,5.7,121.9,201.08,171.91,Low,7,3,28,2023,0,Pharmaceuticals,68
SHP-101027,1442,4.32,USA,Netherlands,Sea,Kuehne+Nagel,WH-004,2,930,777,2.24,0,6.27,3.77,6.89,5698.2,1808.07,High,Wholesale,Pallet,85.1,On Schedule,87.0,0.02,0.65,Flat Rack,667.73,25.3,1,0,2.26,564.09,0.918,44.7,7.8,112.3,2022-03-06,29.7,40.8,35.9,165.36,52.7,Low,3,1,9,2022,0,Apparel,181
SHP-104069,1305,4.14,Brazil,UAE,Sea,DHL,WH-004,1,3172,3051,6.2,1,5.02,3.67,3.74,4956.0,41364.48,Medium,Retail,Carton,84.8,On Schedule,93.2,1.23,0.57,Reefer,1010.15,5.62,0,0,1.08,395.9,0.748,41.9,2.65,92.5,2022-09-02,27.3,36.7,31.2,144.64,841.75,Low,9,3,35,2022,0,Automotive_Parts,790
SHP-118572,1394,3.93,Bangladesh,Germany,Sea,UPS,WH-012,2,1021,4914,0.18,0,4.42,3.28,10.0,5531.3,2328.6,High,Wholesale,Carton,70.8,Ahead of Schedule,100.0,0.16,0.5,20ft Dry,1605.55,4.45,0,1,2.86,557.74,0.697,50.8,1.88,102.7,2021-05-12,20.8,30.3,6.2,148.89,61.46,Medium,5,2,19,2021,1,Industrial_Equipment,1759
SHP-114652,1258,3.45,Vietnam,France,Sea,DB Schenker,WH-006,2,1031,393,,0,3.94,3.33,8.77,4951.9,10291.62,High,Government,Bulk,65.1,On Schedule,83.8,10.24,0.71,Flat Rack,138.95,4.26,0,1,3.23,568.38,0.758,49.2,5.18,88.2,2024-03-15,22.0,37.6,78.7,122.61,218.09,Medium,3,1,11,2024,1,Apparel,105
SHP-106650,1338,3.06,China,Netherlands,Rail,Kuehne+Nagel,WH-004,2,3164,3424,3.09,0,7.02,3.37,2.49,181.4,22136.37,High,Enterprise,Drum,85.6,On Schedule,100.0,1.8,1.16,Reefer,1927.31,3.94,0,0,1.06,451.57,0.928,55.5,6.28,96.1,2024-01-08,11.8,18.0,27.7,42.48,446.98,Low,1,1,2,2024,1,Industrial_Equipment,393
SHP-115783,1183,3.68,Japan,UK,Sea,DHL,WH-015,1,3126,2634,2.05,0,4.76,3.37,1.96,6691.2,8971.09,High,Government,Drum,77.2,Delayed,90.4,0.03,0.27,Flat Rack,574.94,7.54,0,1,2.91,424.25,0.752,54.6,0.83,115.6,2022-07-05,22.7,25.1,35.6,171.5,196.57,Medium,7,3,27,2022,0,Electronics,224
SHP-117648,1176,3.06,USA,Canada,Sea,DB Schenker,WH-019,0,861,4710,2.3,0,6.78,2.58,4.22,2131.0,6491.34,Medium,Government,Drum,83.4,Delayed,96.1,0.91,0.32,Reefer,470.27,2.58,0,0,1.99,87.66,0.951,66.7,3.22,88.8,2021-12-04,26.5,31.4,5.5,43.99,134.23,Low,12,4,48,2021,0,Apparel,117
SHP-104622,1081,3.76,Bangladesh,UK,Rail,DHL,WH-020,2,1983,2375,5.54,0,4.24,3.67,2.09,4507.2,48586.72,Medium,Retail,Drum,60.3,Delayed,97.3,2.14,1.2,40ft Dry,823.7,4.25,0,0,1.48,655.99,0.871,69.5,3.8,95.5,2022-12-10,10.3,18.1,25.0,234.93,995.23,Low,12,4,49,2022,1,Consumer_Goods,245
SHP-110385,1138,3.68,Bangladesh,USA,Sea,FedEx,WH-007,3,3526,589,8.29,0,7.84,3.46,3.93,4581.5,4128.89,Medium,Wholesale,Bulk,85.7,On Schedule,92.5,1.07,1.68,20ft Dry,208.63,2.01,0,0,0.46,356.73,0.878,31.8,1.26,86.3,2021-09-09,31.9,42.3,179.6,118.68,94.45,Low,9,3,36,2021,0,Food_Beverage,68
SHP-113670,1317,2.96,Germany,France,Road,Maersk,WH-014,0,2062,3258,,0,7.94,3.42,1.46,2187.4,15805.9,Medium,Retail,Pallet,57.6,On Schedule,91.1,1.38,1.93,40ft Dry,618.71,10.75,0,0,0.95,538.61,0.846,55.1,0.62,94.3,2024-02-18,6.6,7.5,19.0,146.95,330.81,Medium,2,1,7,2024,0,Apparel,537
SHP-114046,1471,3.58,Brazil,Germany,Road,Expeditors,WH-002,2,389,795,0.06,0,4.18,3.15,2.81,4396.6,11298.37,Medium,Enterprise,Crate,64.4,On Schedule,88.6,0.76,0.57,Reefer,971.7,3.37,0,0,4.48,380.24,0.586,72.9,2.61,110.5,2022-06-22,6.4,11.5,14.7,266.01,252.57,Medium,6,2,25,2022,1,Automotive_Parts,204
SHP-101962,1490,4.31,South Korea,UK,Rail,DHL,WH-002,3,4564,2701,3.06,0,4.61,3.57,0.33,3176.4,4184.32,Low,Retail,Pallet,84.4,On Schedule,88.5,1.43,1.65,20ft Dry,1628.1,6.6,0,0,2.11,378.09,0.685,68.0,1.56,94.5,2021-04-27,10.8,14.6,50.7,180.86,101.77,Low,4,2,17,2021,0,Furniture,877
SHP-119874,1431,4.47,China,Japan,Air,DHL,WH-018,0,4828,5889,0.36,0,4.9,3.17,1.57,1813.2,12792.63,Medium,Retail,Drum,86.7,On Schedule,90.1,0.18,5.16,Flat Rack,2198.18,27.53,0,0,4.39,264.28,1.0,41.1,2.01,95.0,2024-09-27,4.1,7.1,24.6,564.83,312.34,Low,9,3,39,2024,1,Furniture,709
SHP-101599,1427,3.48,USA,Canada,Sea,Kuehne+Nagel,WH-008,2,4318,5685,2.08,0,10.0,3.88,0.98,5424.6,32932.9,Medium,Retail,Drum,78.1,On Schedule,75.4,1.28,0.5,Flat Rack,454.67,4.37,0,0,1.84,419.29,0.711,34.3,4.34,110.4,2022-04-10,18.6,22.5,22.8,159.95,674.65,Medium,4,2,14,2022,0,Consumer_Goods,125
SHP-109675,1143,3.62,Japan,Australia,Air,Expeditors,WH-014,0,4883,62,0.74,0,2.27,3.15,2.17,1665.6,83704.15,Medium,Government,Bulk,67.9,Delayed,91.7,1.54,1.54,20ft Dry,643.3,6.62,1,0,0.68,818.23,1.0,65.5,2.3,94.0,2024-05-01,3.1,2.7,365.0,400.84,1714.17,Low,5,2,18,2024,0,Pharmaceuticals,188
SHP-110952,1193,5.0,Brazil,Germany,Sea,Expeditors,WH-010,0,3497,5105,2.37,0,4.43,3.21,6.02,3072.5,9996.99,High,Retail,Crate,84.3,Delayed,98.9,0.06,2.77,Flat Rack,737.56,48.46,1,0,2.84,381.31,0.864,68.4,2.89,102.6,2021-06-06,26.6,36.0,20.6,79.48,207.89,Low,6,2,22,2021,0,Automotive_Parts,156
SHP-104333,1174,3.16,Brazil,Japan,Sea,DB Schenker,WH-009,1,2599,337,0.68,0,3.89,2.66,0.15,5022.2,2946.77,Low,Wholesale,Pallet,45.7,On Schedule,74.8,0.62,4.79,40ft Dry,303.96,4.66,1,0,4.01,981.84,0.834,43.5,1.9,105.0,2023-07-25,28.8,31.5,231.3,100.61,69.0,Medium,7,3,30,2023,0,Consumer_Goods,260
SHP-112099,1310,4.01,Japan,Canada,Rail,DB Schenker,WH-018,3,3904,1689,1.99,0,3.32,2.87,5.03,2965.6,11520.24,Critical,Retail,Bulk,84.3,On Schedule,87.9,3.42,2.19,Open Top,192.24,2.86,0,0,0.66,541.25,0.792,37.7,3.49,83.7,2022-12-01,9.5,16.8,69.3,115.57,241.96,Low,12,4,48,2022,1,Consumer_Goods,69
SHP-106955,1083,3.23,Germany,Netherlands,Sea,FedEx,WH-001,1,1209,3482,1.63,0,5.36,3.63,4.59,497.2,8242.51,Low,Wholesale,Crate,69.4,Ahead of Schedule,80.4,1.13,1.06,Flat Rack,405.42,13.45,0,0,3.31,410.27,0.815,38.2,1.02,81.8,2021-10-22,25.8,31.4,10.4,17.6,166.61,Medium,10,4,42,2021,0,Automotive_Parts,175
SHP-118821,1002,3.75,USA,UK,Rail,Maersk,WH-008,2,3886,3751,1.16,1,5.04,3.11,1.54,6438.1,4209.83,Low,Retail,Crate,69.5,Ahead of Schedule,83.6,1.76,0.21,Flat Rack,1114.67,2.57,0,0,3.04,451.25,0.636,38.6,3.89,99.8,2021-02-03,10.9,15.1,31.1,283.36,112.53,Medium,2,1,5,2021,1,Electronics,423
SHP-108545,1495,3.26,Japan,Canada,Rail,DB Schenker,WH-011,2,2896,4788,2.41,0,7.23,3.47,7.4,1615.9,11899.75,Low,Enterprise,Carton,55.8,On Schedule,84.7,1.09,0.93,Open Top,709.95,30.01,0,0,4.54,213.03,0.938,64.4,0.91,94.7,2021-08-06,7.0,16.2,18.1,87.25,246.72,Low,8,3,31,2021,1,Apparel,685
SHP-115974,1235,4.73,South Korea,India,Rail,Kuehne+Nagel,WH-012,2,2454,1287,0.91,0,5.28,3.47,2.08,6080.9,5730.77,Low,Government,Bulk,91.8,Ahead of Schedule,90.7,0.59,0.02,40ft Dry,2531.69,3.51,0,0,0.82,588.44,0.768,51.3,4.16,82.0,2024-07-04,9.5,11.1,57.2,325.78,147.19,Low,7,3,27,2024,0,Furniture,2294
SHP-113722,1427,3.53,South Korea,UK,Rail,CMA CGM,WH-001,2,1117,3616,0.37,0,1.84,3.82,3.98,4848.7,5868.86,Low,Enterprise,Pallet,77.0,On Schedule,81.3,0.11,0.98,40ft Dry,1250.71,3.91,0,0,4.48,420.39,0.901,46.2,1.1,95.1,2024-07-18,7.1,10.7,9.3,270.44,144.42,Low,7,3,29,2024,0,Pharmaceuticals,714
SHP-100695,1491,3.03,Germany,Netherlands,Rail,DB Schenker,WH-019,1,4229,5921,1.51,0,4.64,3.3,3.65,1178.2,5069.77,Medium,Government,Pallet,68.5,Ahead of Schedule,70.1,0.29,2.22,20ft Dry,238.22,3.51,1,0,5.92,642.19,0.872,46.8,0.13,106.9,2024-12-05,9.0,14.9,21.4,55.62,106.96,Medium,12,4,49,2024,1,Pharmaceuticals,127
SHP-115630,1351,3.01,Vietnam,Japan,Rail,DHL,WH-006,1,1965,1592,3.64,0,5.47,3.13,0.77,7298.4,9278.91,Low,Retail,Carton,53.5,Delayed,86.5,0.42,0.49,Open Top,268.46,7.4,0,0,3.92,58.6,0.795,67.8,0.67,96.5,2024-10-01,11.1,15.1,37.0,306.8,216.26,Medium,10,4,40,2024,0,Pharmaceuticals,111
SHP-113589,1431,4.49,China,Australia,Rail,Kuehne+Nagel,WH-008,0,2559,3726,2.45,0,4.95,4.02,3.06,5521.4,11907.14,Medium,Retail,Drum,87.1,On Schedule,85.6,1.52,1.63,Flat Rack,574.05,2.24,0,0,0.55,428.58,0.977,53.2,2.21,105.0,2022-01-22,13.4,16.1,20.6,305.99,268.74,Low,1,1,3,2022,0,Food_Beverage,177
SHP-114521,1064,4.22,USA,Germany,Sea,Expeditors,WH-007,1,4239,404,1.14,0,2.3,3.68,3.62,4703.9,19218.88,High,Government,Pallet,59.6,On Schedule,79.9,2.17,2.01,Flat Rack,7081.86,3.33,1,0,1.22,651.71,0.976,56.4,2.79,127.3,2024-01-09,29.4,32.5,314.8,203.93,404.77,Low,1,1,2,2024,0,Electronics,2110
SHP-119917,1060,3.88,Vietnam,Japan,Road,Expeditors,WH-008,1,3959,2177,6.01,0,5.01,3.15,5.05,2598.6,14684.74,High,Retail,Pallet,77.4,On Schedule,91.3,0.38,5.72,40ft Dry,1739.36,2.54,0,0,2.95,286.64,0.977,35.8,0.61,82.9,2021-02-02,7.3,18.8,54.6,183.13,312.01,Low,2,1,5,2021,1,Electronics,739
SHP-109770,1035,4.41,South Korea,Canada,Sea,UPS,WH-007,3,595,2885,6.42,0,4.4,3.88,2.15,4341.9,6615.8,Low,Retail,Drum,67.9,On Schedule,80.3,0.74,0.78,Flat Rack,99.95,2.81,0,0,0.81,754.43,0.99,60.3,1.92,103.8,2024-07-15,35.9,41.8,6.2,125.01,144.82,Low,7,3,29,2024,0,Automotive_Parts,43
SHP-113377,1453,4.2,South Korea,Netherlands,Road,Kuehne+Nagel,WH-014,1,444,2182,1.45,0,6.67,3.43,1.2,2407.7,4114.26,High,Retail,Carton,68.1,Ahead of Schedule,81.4,0.95,2.05,Open Top,467.14,6.38,0,0,2.68,746.4,0.77,49.2,0.36,84.0,2022-03-15,6.3,8.0,6.1,157.05,97.99,Low,3,1,11,2022,0,Pharmaceuticals,316
SHP-101034,1322,3.76,China,India,Sea,DB Schenker,WH-017,1,588,426,0.97,0,4.6,3.13,8.0,2617.9,29791.94,High,Government,Crate,62.4,On Schedule,90.4,0.56,1.37,Open Top,169.05,5.26,0,0,5.55,215.37,0.923,9.4,2.7,110.4,2023-05-02,32.2,43.0,41.4,61.81,602.02,Low,5,2,18,2023,0,Industrial_Equipment,54
SHP-110842,1061,4.56,Brazil,Japan,Sea,FedEx,WH-013,1,1958,3608,1.49,0,2.96,3.12,5.87,1348.3,23219.47,High,Wholesale,Carton,67.0,Ahead of Schedule,86.8,1.55,8.49,40ft Dry,635.52,5.24,0,1,5.45,752.15,0.843,56.4,5.26,113.6,2024-06-27,25.4,40.6,16.3,36.76,468.07,Low,6,2,26,2024,1,Pharmaceuticals,330
SHP-116592,1213,4.12,Mexico,India,Sea,CMA CGM,WH-016,2,1480,4380,4.58,0,8.4,3.76,0.49,5960.8,54340.99,Medium,Government,Drum,79.2,Ahead of Schedule,93.3,0.69,2.38,Flat Rack,708.36,20.03,0,0,0.75,240.66,0.89,74.1,3.23,108.0,2024-08-29,28.3,32.3,10.1,172.63,1104.08,Low,8,3,35,2024,0,Pharmaceuticals,1070
SHP-110421,1360,2.38,Brazil,France,Sea,CMA CGM,WH-006,2,63,5306,5.66,1,3.44,4.02,7.68,3198.0,15298.98,High,Government,Carton,69.5,On Schedule,99.2,0.25,0.82,Reefer,508.87,21.54,0,0,2.26,613.75,0.818,31.6,1.46,110.4,2021-06-28,23.3,35.3,0.4,100.55,316.03,Medium,6,2,26,2021,0,Furniture,214
SHP-110979,1287,3.71,Bangladesh,UAE,Rail,DB Schenker,WH-020,1,484,2650,1.76,0,5.11,3.25,1.8,6497.1,33508.59,Critical,Wholesale,Pallet,86.7,On Schedule,87.6,0.69,0.0,20ft Dry,545.54,1.46,0,1,1.43,728.26,0.954,23.8,2.76,104.8,2023-04-06,8.8,9.4,5.5,288.86,699.06,Low,4,2,14,2023,0,Apparel,207
SHP-102127,1013,4.5,Japan,USA,Sea,FedEx,WH-010,4,4685,4574,2.26,0,7.28,2.27,1.13,2280.4,11739.01,Medium,Retail,Crate,67.3,On Schedule,91.3,1.78,1.1,Flat Rack,222.8,2.85,0,0,1.92,426.34,0.808,42.3,0.53,89.8,2023-04-13,22.9,24.1,30.7,39.55,238.74,Low,4,2,15,2023,0,Consumer_Goods,147
SHP-112187,1497,3.37,South Korea,Netherlands,Sea,CMA CGM,WH-020,0,1638,5950,0.55,1,6.79,3.79,1.38,2032.8,3083.26,Medium,Government,Bulk,94.1,Delayed,88.4,1.52,2.88,Open Top,3087.15,3.73,1,1,0.41,448.38,0.694,36.2,0.42,85.7,2022-04-11,30.5,30.3,8.3,91.06,70.77,Medium,4,2,15,2022,0,Consumer_Goods,1004
SHP-105970,1480,2.58,Vietnam,Netherlands,Sea,Maersk,WH-019,5,3868,5812,2.42,0,5.06,3.82,4.65,6939.9,16945.86,Medium,Wholesale,Drum,97.0,On Schedule,85.2,2.89,2.8,40ft Dry,1010.94,5.45,0,0,1.02,557.38,0.755,69.9,0.07,107.8,2021-01-07,21.9,27.7,20.0,206.29,359.55,Medium,1,1,1,2021,0,Pharmaceuticals,332
SHP-113225,1105,4.41,Vietnam,Netherlands,Sea,UPS,WH-018,3,1991,3107,3.28,0,6.09,2.94,3.74,2095.2,5781.59,High,Government,Bulk,89.9,On Schedule,100.0,2.78,,Flat Rack,746.63,5.38,0,0,1.15,559.37,0.941,38.4,8.9,110.0,2021-09-07,16.4,26.5,19.2,51.75,120.81,Low,9,3,36,2021,1,Food_Beverage,204
SHP-100993,1165,4.49,USA,Australia,Sea,FedEx,WH-009,1,3333,3030,1.51,0,7.0,2.93,0.95,852.7,21367.11,Medium,Wholesale,Drum,52.1,On Schedule,95.4,0.08,7.65,Flat Rack,401.79,4.22,0,0,2.15,450.38,0.605,64.9,0.64,81.3,2024-08-03,23.5,28.1,33.0,21.83,429.53,Low,8,3,31,2024,0,Automotive_Parts,118
SHP-115084,1475,3.47,Japan,USA,Sea,FedEx,WH-013,2,2046,789,0.6,0,7.01,2.98,0.74,4845.6,4425.77,High,Enterprise,Carton,73.6,On Schedule,86.7,0.9,0.22,Flat Rack,1382.1,12.96,1,0,3.87,10.0,0.966,49.7,5.22,98.8,2022-04-24,21.4,23.4,77.8,118.29,100.34,Low,4,2,16,2022,0,Furniture,402
SHP-114845,1143,2.82,USA,Japan,Sea,Kuehne+Nagel,WH-020,0,1888,2159,0.29,0,5.57,2.7,4.3,7691.9,2374.84,Medium,Wholesale,Drum,45.5,On Schedule,98.3,0.25,2.17,Reefer,285.24,3.24,0,0,2.02,159.73,0.837,60.4,4.64,92.9,2022-06-28,26.0,31.0,26.2,154.97,62.99,Medium,6,2,26,2022,0,Automotive_Parts,148
SHP-114945,1394,4.01,India,Japan,Sea,Expeditors,WH-007,1,511,5579,8.19,0,5.14,2.8,1.01,3239.2,21936.7,Critical,Enterprise,Drum,51.0,On Schedule,91.3,1.58,2.95,Flat Rack,850.35,18.65,0,0,3.39,377.49,0.78,65.1,2.46,111.5,2023-12-02,21.9,34.2,2.7,73.69,446.1,Low,12,4,48,2023,1,Consumer_Goods,210
SHP-100447,1299,3.46,Japan,India,Rail,Expeditors,WH-019,0,489,4696,0.48,0,3.73,5.44,,3578.1,23211.78,Medium,Retail,Crate,93.8,Delayed,89.2,0.69,1.82,Reefer,524.23,2.44,0,0,0.42,538.89,0.787,29.9,1.11,75.6,2024-06-23,8.6,8.2,3.1,272.72,491.51,Medium,6,2,25,2024,1,Consumer_Goods,176
SHP-117277,1379,2.71,Bangladesh,UK,Sea,DHL,WH-007,0,1916,3913,4.07,0,4.46,2.42,4.35,2912.6,8534.11,High,Retail,Carton,82.2,On Schedule,83.3,0.09,1.51,Flat Rack,617.77,12.58,0,0,7.53,556.41,0.885,36.8,2.08,98.7,2021-07-08,23.5,35.7,14.7,56.22,176.3,Medium,7,3,27,2021,1,Food_Beverage,253
SHP-105453,1116,3.99,USA,India,Sea,Kuehne+Nagel,WH-002,3,2951,3357,2.56,0,5.28,3.33,5.46,2031.9,6418.59,High,Government,Pallet,,On Schedule,80.4,1.16,1.01,Open Top,99.08,5.52,0,1,0.77,620.9,0.722,33.1,2.99,119.4,2021-12-13,27.8,34.8,26.4,50.72,133.44,Low,12,4,50,2021,0,Pharmaceuticals,30
SHP-103211,1297,4.06,USA,Australia,Road,Expeditors,WH-008,2,2405,130,2.47,0,4.06,3.57,3.24,7366.1,36859.39,Medium,Enterprise,Crate,79.5,On Schedule,88.1,0.04,2.73,Flat Rack,890.79,5.53,0,0,0.68,562.88,0.895,61.2,3.07,91.2,2024-03-15,10.2,14.5,365.0,486.51,785.84,Low,3,1,11,2024,0,Automotive_Parts,420
SHP-105561,1315,4.37,India,Australia,Sea,UPS,WH-003,0,4219,1190,0.76,1,5.13,3.33,3.17,1436.7,10804.85,Low,Wholesale,Crate,42.6,On Schedule,100.0,0.17,0.83,40ft Dry,272.95,66.47,0,1,2.74,344.72,0.79,17.3,2.5,90.0,2021-10-01,36.2,39.7,106.4,37.85,219.88,Low,10,4,39,2021,0,Electronics,97
SHP-118911,1251,4.53,Mexico,Japan,Sea,Maersk,WH-009,1,4249,4366,1.22,0,7.99,3.69,10.0,7139.5,4661.2,Medium,Enterprise,Drum,64.8,On Schedule,76.7,0.65,3.21,Flat Rack,529.41,19.2,0,0,3.13,391.83,0.677,37.9,1.8,105.9,2022-01-27,37.4,50.4,29.2,199.46,113.17,Low,1,1,4,2022,0,Automotive_Parts,139
SHP-103210,1388,4.8,Germany,Germany,Sea,FedEx,WH-007,2,3817,1577,0.81,0,5.12,3.99,0.78,2853.3,8388.26,Critical,Government,Drum,64.1,On Schedule,96.7,0.28,,40ft Dry,343.49,7.55,0,0,1.64,404.75,0.702,49.8,0.7,130.3,2022-01-24,25.9,27.8,72.6,87.74,176.54,Low,1,1,4,2022,0,Food_Beverage,77
SHP-113813,1342,3.09,Germany,Canada,Rail,CMA CGM,WH-002,4,2451,5694,1.97,0,6.94,3.2,1.19,478.7,5636.32,Low,Wholesale,Crate,72.6,On Schedule,96.8,0.17,1.3,Reefer,205.02,4.56,0,0,1.42,551.55,0.918,67.0,2.49,122.1,2024-03-14,11.7,12.2,12.9,23.75,115.1,Low,3,1,11,2024,0,Electronics,44
SHP-108966,1329,3.92,Japan,Netherlands,Rail,CMA CGM,WH-003,2,1847,733,2.31,1,7.35,3.2,5.11,5386.6,40907.81,Medium,Wholesale,Pallet,75.6,On Schedule,97.3,1.79,1.03,20ft Dry,1455.02,14.35,0,0,2.05,567.0,0.761,53.2,1.55,92.4,2021-01-18,6.9,13.6,75.6,252.79,843.44,Low,1,1,3,2021,1,Furniture,526
SHP-117653,1287,3.4,Vietnam,Japan,Road,Maersk,WH-002,5,1316,3131,1.42,0,9.39,4.08,7.47,5591.3,2415.49,High,Government,Pallet,91.8,On Schedule,80.2,4.67,0.61,20ft Dry,867.24,2.79,0,0,1.05,371.45,0.79,38.0,2.49,123.1,2023-06-22,4.2,12.0,12.6,427.55,91.06,Medium,6,2,25,2023,1,Consumer_Goods,305
SHP-110649,1061,,USA,Germany,Sea,Maersk,WH-007,3,4406,5636,2.67,1,4.2,3.24,3.13,4468.4,10515.14,Low,Enterprise,Drum,97.5,On Schedule,97.9,0.21,,Flat Rack,228.9,5.67,0,0,1.25,511.13,0.91,43.3,2.3,96.8,2024-05-20,21.2,25.9,23.5,108.63,221.17,Low,5,2,21,2024,0,Apparel,56
SHP-119714,1263,3.93,Mexico,Japan,Air,UPS,WH-019,0,3611,5828,3.59,0,6.55,2.02,1.38,3695.6,48332.22,Medium,Government,Bulk,52.9,On Schedule,82.2,0.59,0.84,40ft Dry,194.67,6.09,0,0,4.6,422.43,0.748,31.9,2.29,67.7,2021-10-21,5.4,12.3,18.6,504.42,1017.09,Low,10,4,42,2021,1,Automotive_Parts,102
SHP-103971,1107,4.87,Brazil,Canada,Air,CMA CGM,WH-018,2,3379,524,1.21,0,1.9,3.29,2.55,317.0,7813.13,High,Retail,Drum,75.8,On Schedule,83.1,0.6,0.44,20ft Dry,2052.91,4.53,0,0,7.29,558.21,0.692,45.0,3.86,121.5,2021-08-21,5.1,13.6,193.4,247.8,181.04,Low,8,3,33,2021,1,Consumer_Goods,481
SHP-110807,1175,3.41,Mexico,France,Sea,Kuehne+Nagel,WH-014,1,1446,3964,3.61,0,7.13,2.05,8.83,2150.4,17991.73,High,Retail,Bulk,82.6,On Schedule,93.3,1.16,0.85,40ft Dry,1204.24,19.2,0,1,6.61,603.82,0.806,39.6,1.19,97.0,2023-12-04,22.6,38.1,10.9,39.67,363.8,Medium,12,4,49,2023,1,Automotive_Parts,442
SHP-119544,1041,4.41,USA,India,Sea,DHL,WH-003,1,3200,5369,6.32,0,5.08,3.68,4.54,2160.5,5146.21,Low,Government,Carton,78.4,On Schedule,81.7,0.34,3.31,Flat Rack,403.58,6.78,0,1,2.62,396.55,0.906,34.2,0.72,102.1,2021-12-16,25.4,35.9,17.9,62.83,109.21,Low,12,4,50,2021,0,Electronics,395
SHP-111366,1064,4.48,USA,UK,Sea,FedEx,WH-014,2,1658,2328,2.92,0,1.71,3.26,1.47,1234.8,4825.03,Low,Retail,Bulk,73.5,On Schedule,82.5,1.59,3.05,20ft Dry,115.82,28.15,0,0,0.8,253.81,0.677,50.5,1.94,87.8,2023-07-24,25.3,29.7,21.4,30.71,99.57,Low,7,3,30,2023,0,Industrial_Equipment,141
SHP-103778,1042,3.45,Vietnam,USA,Road,DB Schenker,WH-006,1,3337,3159,2.52,1,7.66,3.05,1.64,2019.7,6144.03,Medium,Retail,Carton,84.0,On Schedule,94.5,0.68,0.79,20ft Dry,1800.43,10.76,0,1,6.16,457.74,1.0,30.1,1.31,102.6,2024-06-21,4.8,9.5,31.7,147.47,137.63,Low,6,2,25,2024,1,Industrial_Equipment,420
SHP-113079,1183,3.62,USA,USA,Road,Expeditors,WH-003,0,4382,3877,0.16,1,3.49,4.79,6.79,1886.9,5415.61,Medium,Enterprise,Crate,70.3,Delayed,98.9,0.2,0.62,40ft Dry,413.96,37.72,0,1,1.28,529.77,0.885,53.2,2.09,82.1,2021-12-13,7.4,11.5,33.9,173.5,125.66,Low,12,4,50,2021,1,Electronics,552
SHP-106352,1384,4.19,China,USA,Road,Kuehne+Nagel,WH-013,1,1660,5679,1.84,0,1.79,3.33,1.56,3887.2,19637.43,Medium,Government,Bulk,85.6,On Schedule,84.6,0.87,1.23,Open Top,2154.92,1.68,0,0,5.92,423.62,0.96,58.2,1.28,111.6,2021-10-04,6.1,9.9,8.8,279.08,420.66,Low,10,4,40,2021,0,Automotive_Parts,1222
SHP-104007,1464,2.83,Germany,Germany,Sea,FedEx,WH-009,2,148,3925,4.64,0,2.5,3.71,3.65,7843.7,8926.7,Medium,Enterprise,Carton,88.5,Ahead of Schedule,85.5,0.71,0.99,20ft Dry,125.01,4.72,0,0,2.91,399.83,0.779,75.1,5.04,89.3,2021-02-09,18.4,29.1,1.1,215.34,200.07,Medium,2,1,6,2021,1,Apparel,62
SHP-103776,1117,3.78,Bangladesh,Japan,Road,FedEx,WH-007,1,4124,3902,2.22,0,5.42,3.84,2.09,2709.1,10579.31,Critical,Enterprise,Crate,72.3,On Schedule,95.0,3.82,2.7,Reefer,1237.42,14.84,1,0,4.15,269.82,0.763,55.6,4.15,85.1,2023-03-09,6.5,14.9,31.7,217.12,233.3,Low,3,1,10,2023,1,Industrial_Equipment,968
SHP-117147,1319,3.24,Vietnam,Germany,Sea,Maersk,WH-018,1,3130,4484,0.78,0,4.01,2.73,1.66,3186.0,68525.07,Medium,Wholesale,Carton,70.8,Ahead of Schedule,100.0,3.08,0.02,Flat Rack,170.93,56.84,0,1,2.25,473.2,1.0,47.9,2.59,84.5,2024-07-21,21.5,21.9,20.9,65.33,1377.03,Low,7,3,29,2024,0,Industrial_Equipment,89
SHP-114104,1300,3.21,China,UAE,Road,Expeditors,WH-008,2,3338,2390,10.0,1,4.43,2.6,1.24,4381.1,5024.98,Medium,Wholesale,Crate,58.0,On Schedule,86.7,0.32,2.35,20ft Dry,390.9,28.71,0,0,4.31,524.14,0.96,67.8,2.19,102.3,2022-02-19,6.7,19.7,41.9,208.19,121.32,Low,2,1,7,2022,1,Industrial_Equipment,102
SHP-119145,1116,3.29,South Korea,UK,Road,CMA CGM,WH-018,2,124,5635,2.86,0,6.48,3.75,1.24,1318.8,5630.78,Medium,Government,Bulk,56.3,Delayed,92.9,0.7,2.03,Flat Rack,523.5,29.94,0,0,2.31,405.82,0.981,22.4,1.46,93.2,2021-08-31,7.3,9.6,0.7,101.13,122.73,Low,8,3,35,2021,0,Furniture,925
SHP-119183,1065,3.29,Vietnam,Germany,Sea,Maersk,WH-001,1,4048,421,2.57,0,7.06,2.82,4.98,2544.5,15623.5,Critical,Wholesale,Bulk,67.0,On Schedule,76.8,1.99,0.97,20ft Dry,288.86,5.1,1,0,1.56,422.86,1.0,62.8,0.35,116.7,2022-11-10,22.7,26.5,288.4,55.16,317.99,Low,11,4,45,2022,0,Food_Beverage,68
SHP-108426,1049,4.35,Mexico,UAE,Road,Maersk,WH-010,3,2852,1074,3.5,0,2.52,3.8,2.42,3364.4,49196.08,Medium,Government,Bulk,93.9,On Schedule,89.2,0.91,2.57,Open Top,469.82,4.35,0,0,10.0,472.1,0.758,77.9,1.99,113.6,2021-08-17,6.8,20.0,79.7,238.21,1007.74,Low,8,3,33,2021,1,Automotive_Parts,108
SHP-104337,1350,3.03,Vietnam,UAE,Air,Kuehne+Nagel,WH-003,2,3051,3823,0.49,0,2.97,3.46,2.42,389.5,10490.29,High,Wholesale,Crate,88.5,On Schedule,84.2,1.65,3.0,Flat Rack,599.17,16.23,0,0,0.66,605.16,0.771,50.6,0.54,104.6,2024-12-19,2.3,3.2,23.9,144.06,224.21,Medium,12,4,51,2024,0,Electronics,275
SHP-108117,1334,4.13,India,Germany,Sea,DB Schenker,WH-014,0,1662,1874,1.69,0,3.59,3.17,6.85,2256.5,8590.44,Low,Government,Drum,72.1,On Schedule,84.0,2.31,1.84,20ft Dry,253.93,1.71,0,0,3.2,515.46,0.918,28.7,0.36,107.4,2022-11-08,27.8,35.4,26.6,54.96,177.3,Low,11,4,45,2022,0,Consumer_Goods,213
SHP-107763,1337,3.05,Germany,India,Sea,UPS,WH-002,0,4481,250,3.73,0,7.04,3.03,3.86,4284.8,13554.39,Medium,Wholesale,Drum,75.8,On Schedule,81.3,1.03,1.09,Reefer,884.69,16.28,0,0,2.02,497.35,1.0,64.1,1.57,118.1,2021-06-19,32.2,38.0,365.0,103.35,281.42,Low,6,2,24,2021,1,Furniture,276
SHP-114012,1428,2.35,Mexico,UK,Road,FedEx,WH-008,8,4675,4035,1.03,0,4.5,3.42,1.53,4720.2,50628.29,High,Retail,Pallet,65.1,On Schedule,98.0,0.52,,Reefer,358.94,2.02,0,1,0.91,806.72,0.986,42.3,2.46,107.4,2023-12-09,7.8,9.7,34.8,293.54,1041.92,Medium,12,4,49,2023,0,Furniture,346
SHP-113651,1453,3.91,Bangladesh,UK,Sea,Kuehne+Nagel,WH-018,1,4811,492,6.05,1,5.52,4.34,4.36,4175.3,5654.14,Low,Retail,Bulk,67.5,On Schedule,89.1,0.77,4.29,Reefer,2212.0,0.96,0,0,1.72,185.2,1.0,56.8,3.24,82.1,2022-01-07,16.2,27.6,293.3,161.48,129.23,Low,1,1,1,2022,1,Apparel,1033
SHP-100438,1122,4.01,Vietnam,India,Road,CMA CGM,WH-017,3,1292,3625,2.64,0,4.1,2.83,2.16,3634.3,17314.74,Critical,Retail,Bulk,90.1,Ahead of Schedule,78.9,2.58,0.63,20ft Dry,519.44,14.57,1,0,1.73,331.53,0.857,51.7,1.96,110.3,2023-08-21,8.1,11.7,10.7,191.88,365.48,Low,8,3,34,2023,0,Apparel,108
SHP-116533,1349,3.5,China,Canada,Road,Kuehne+Nagel,WH-001,2,1725,4819,1.93,0,5.89,3.65,3.4,4647.1,23460.85,Critical,Enterprise,Crate,,On Schedule,86.8,2.23,2.81,40ft Dry,87.53,10.92,0,0,2.48,423.58,0.829,70.6,7.03,92.4,2021-04-14,5.1,14.5,10.7,301.58,499.38,Low,4,2,15,2021,1,Electronics,18
SHP-103269,1170,3.23,Brazil,Germany,Air,DHL,WH-005,0,3874,4570,2.29,0,6.27,3.55,2.09,4066.8,13792.79,Low,Wholesale,Carton,67.4,Delayed,97.9,0.04,0.31,Reefer,349.09,2.41,0,0,1.1,668.51,0.894,64.8,0.38,98.0,2022-03-14,1.6,2.0,25.4,988.2,374.68,Low,3,1,11,2022,0,Apparel,88
SHP-103752,1252,3.41,Mexico,Netherlands,Sea,Maersk,WH-003,3,3751,172,1.6,1,7.42,3.83,6.63,5855.1,23169.21,Critical,Government,Pallet,89.9,Delayed,100.0,1.34,0.63,Flat Rack,403.31,15.91,1,1,2.87,380.37,0.573,58.4,0.88,114.1,2023-10-03,19.8,28.3,365.0,169.43,480.33,Medium,10,4,40,2023,1,Consumer_Goods,212
SHP-109113,1449,4.05,Brazil,France,Sea,Kuehne+Nagel,WH-013,1,317,428,4.19,0,2.08,3.0,1.78,4698.6,11636.91,Critical,Government,Crate,80.8,Ahead of Schedule,83.4,0.7,6.63,Open Top,292.43,10.36,1,0,0.83,641.06,0.873,52.1,2.11,110.9,2021-06-26,24.7,31.3,22.2,106.23,243.36,Low,6,2,25,2021,0,Consumer_Goods,81
SHP-109440,1163,4.95,Bangladesh,UAE,Rail,UPS,WH-003,4,2646,4807,0.92,1,3.86,3.89,0.98,2213.0,2844.43,Low,Retail,Drum,59.5,On Schedule,80.3,0.02,1.29,20ft Dry,63.91,0.77,0,1,1.17,601.47,0.836,50.6,5.65,91.4,2023-11-06,8.4,10.3,16.5,115.25,68.41,Low,11,4,45,2023,0,Automotive_Parts,17
SHP-101739,1342,4.6,Vietnam,UK,Road,Expeditors,WH-008,3,4780,2996,3.41,0,3.45,3.48,1.62,2730.0,6806.79,Low,Wholesale,Drum,72.9,On Schedule,100.0,1.0,2.66,Flat Rack,1056.77,32.55,0,0,0.87,388.42,0.858,27.7,1.42,95.4,2024-12-26,8.6,12.0,47.9,193.61,155.5,Low,12,4,52,2024,0,Automotive_Parts,471
SHP-100606,1303,3.1,South Korea,Netherlands,Road,Expeditors,WH-009,1,2094,2054,2.16,0,3.68,3.59,3.09,1247.0,14350.62,High,Government,Carton,96.6,On Schedule,88.2,1.52,0.76,20ft Dry,1321.63,11.07,1,1,2.91,450.74,0.588,59.1,0.5,94.1,2024-09-23,3.6,9.2,30.6,112.49,298.26,Medium,9,3,39,2024,1,Food_Beverage,391
SHP-117085,1389,3.94,Vietnam,UK,Sea,CMA CGM,WH-002,0,2621,4697,1.1,0,4.81,3.63,4.73,2792.9,14586.0,Low,Wholesale,Carton,82.4,On Schedule,87.0,0.23,2.49,40ft Dry,1879.53,2.66,1,0,3.37,403.62,0.659,62.5,0.67,78.7,2024-10-09,17.5,24.3,16.7,94.61,301.18,Medium,10,4,41,2024,0,Pharmaceuticals,3428
SHP-112998,1023,4.36,China,USA,Road,Kuehne+Nagel,WH-008,2,2204,4986,0.86,1,6.16,3.48,2.14,2690.5,7317.04,High,Enterprise,Crate,55.9,On Schedule,89.5,0.8,0.46,Reefer,389.89,5.74,0,0,4.25,411.87,0.893,16.6,4.56,99.4,2021-08-05,3.3,7.8,13.3,174.81,163.82,Low,8,3,31,2021,1,Food_Beverage,271
SHP-116972,1197,2.91,Brazil,USA,Road,UPS,WH-001,1,2463,2406,1.45,0,2.43,3.69,8.21,2083.9,1390.02,Low,Government,Crate,100.0,Delayed,85.6,0.06,0.2,Reefer,514.3,7.49,0,0,6.52,620.75,0.618,53.5,4.97,98.9,2021-10-09,3.2,17.8,30.7,149.09,42.71,Medium,10,4,40,2021,1,Furniture,180
SHP-118366,1239,,Vietnam,Japan,Road,Expeditors,WH-003,1,3697,3995,0.48,0,2.77,2.46,5.42,2741.7,25687.55,Medium,Government,Drum,55.4,Delayed,89.4,0.11,1.68,Reefer,220.06,12.71,0,1,2.17,586.34,0.776,61.1,3.27,123.5,2023-10-15,6.2,11.7,27.8,122.84,526.04,Low,10,4,41,2023,1,Automotive_Parts,178
SHP-115683,1037,3.23,India,Netherlands,Road,Expeditors,WH-018,2,635,1661,0.46,1,3.33,2.35,0.4,2043.1,25072.09,Medium,Enterprise,Pallet,93.9,Ahead of Schedule,95.1,2.42,0.62,Flat Rack,861.39,69.84,0,0,0.64,375.25,0.791,49.9,0.59,128.1,2024-03-17,8.2,5.7,11.5,99.02,511.34,Medium,3,1,11,2024,0,Apparel,691
SHP-111037,1487,2.97,Brazil,USA,Sea,UPS,WH-002,2,3107,2584,1.05,0,4.98,2.97,1.72,2578.2,12840.39,Low,Government,Carton,57.9,On Schedule,,1.2,0.69,Open Top,682.88,4.16,0,0,1.82,607.51,0.843,62.4,2.1,100.3,2022-01-21,26.1,27.4,36.1,62.27,263.03,Medium,1,1,3,2022,0,Furniture,160
SHP-105746,1352,3.14,China,India,Sea,CMA CGM,WH-015,2,3050,4124,1.04,0,6.35,3.15,1.31,4553.0,12966.33,Critical,Wholesale,Bulk,83.1,On Schedule,77.9,4.89,3.57,20ft Dry,2026.96,2.83,0,1,0.61,448.44,1.0,60.6,1.59,111.6,2023-03-22,26.2,27.2,22.2,124.23,271.75,Low,3,1,12,2023,0,Industrial_Equipment,409
SHP-111584,1050,2.96,Germany,Japan,Road,DHL,WH-018,6,2946,155,1.43,0,4.43,2.92,1.44,1299.8,7854.94,High,Wholesale,Crate,65.4,On Schedule,87.3,0.61,2.14,20ft Dry,245.78,44.74,0,0,0.3,230.42,0.865,61.0,1.09,105.5,2021-06-28,5.9,5.3,365.0,72.04,164.3,Medium,6,2,26,2021,0,Automotive_Parts,82
SHP-106270,1231,3.38,China,India,Sea,UPS,WH-006,0,477,5695,,0,4.9,2.47,6.72,7107.7,4773.72,Low,Retail,Crate,91.3,On Schedule,82.5,1.59,1.67,20ft Dry,1740.41,4.72,0,0,2.08,615.49,0.877,52.5,2.05,114.7,2022-04-03,25.3,41.5,2.5,141.73,109.65,Low,4,2,13,2022,1,Consumer_Goods,407
SHP-108851,1317,2.97,South Korea,USA,Air,Kuehne+Nagel,WH-020,1,2783,845,1.76,0,4.72,2.8,1.23,6095.8,4751.34,Critical,Government,Carton,74.2,On Schedule,85.7,0.56,2.61,Flat Rack,1478.92,13.79,1,0,2.92,157.97,0.711,50.5,3.61,83.7,2023-08-07,4.6,9.6,98.8,1239.13,218.94,Medium,8,3,32,2023,1,Consumer_Goods,298
SHP-118408,1372,2.15,Brazil,UK,Air,Maersk,WH-002,0,83,4572,3.69,1,10.0,3.0,5.04,3170.2,2886.29,High,Wholesale,Crate,92.7,On Schedule,81.1,0.89,1.78,Reefer,309.97,2.33,0,0,2.81,992.91,0.734,45.6,3.69,86.1,2023-05-07,4.9,15.5,0.5,653.99,123.12,Medium,5,2,18,2023,1,Furniture,273
SHP-106600,1240,2.21,India,Germany,Air,Maersk,WH-011,1,2219,3226,0.46,0,4.19,3.86,,3329.6,2392.51,Critical,Enterprise,Carton,,Delayed,76.5,1.0,4.77,Reefer,975.95,5.13,1,0,0.22,914.72,0.479,70.3,0.88,95.9,2023-05-12,2.2,7.3,20.6,950.24,142.87,High,5,2,19,2023,1,Automotive_Parts,388
SHP-111378,1459,4.13,Germany,Germany,Rail,DHL,WH-006,3,400,2446,1.1,0,4.25,4.01,,3324.6,9243.74,High,Enterprise,Bulk,,On Schedule,95.7,1.05,0.47,Reefer,191.11,22.23,0,0,0.6,460.1,0.795,48.1,1.02,93.2,2023-12-02,10.8,14.0,4.9,180.51,202.93,Low,12,4,48,2023,0,Furniture,84
SHP-117189,1212,3.99,Bangladesh,India,Air,Kuehne+Nagel,WH-020,4,4790,613,3.27,0,4.3,3.72,5.52,6518.7,24271.2,Low,Wholesale,Pallet,80.9,On Schedule,94.5,1.5,1.6,Reefer,1660.08,6.53,1,0,4.43,355.89,0.939,59.8,3.0,102.1,2022-05-27,3.7,14.1,234.4,1768.22,662.25,Low,5,2,21,2022,1,Furniture,1930
SHP-111605,1464,3.95,Japan,Japan,Air,DHL,WH-008,0,1689,1767,1.08,0,1.08,3.49,5.08,50.0,20634.23,Low,Wholesale,Carton,64.5,Delayed,96.0,0.42,3.8,20ft Dry,404.33,17.35,1,0,2.38,741.59,0.901,15.3,5.73,112.3,2024-07-08,4.8,13.1,28.7,48.9,417.57,Low,7,3,28,2024,1,Apparel,104
SHP-106909,1087,3.79,USA,Australia,Sea,DHL,WH-008,1,410,3527,4.9,1,5.83,2.79,0.28,6503.7,25263.38,Low,Retail,Drum,50.6,Delayed,91.4,0.33,,Open Top,472.74,31.14,0,1,4.71,680.0,0.62,64.0,1.22,100.2,2021-11-14,21.6,28.7,3.5,137.3,519.0,Medium,11,4,45,2021,0,Apparel,193
SHP-100738,1447,4.66,USA,Japan,Sea,FedEx,WH-002,3,2570,3692,1.15,0,5.09,2.8,3.07,9655.4,5732.15,Critical,Government,Pallet,70.3,On Schedule,90.5,3.73,0.37,Reefer,682.41,4.41,0,0,5.84,347.0,0.926,62.2,2.12,114.5,2022-01-03,29.6,35.6,20.9,204.41,135.08,Low,1,1,1,2022,0,Consumer_Goods,261
SHP-101994,1136,4.13,India,Japan,Sea,DHL,WH-019,0,3512,455,3.52,0,4.89,3.25,2.11,5625.6,14448.04,Low,Enterprise,Drum,63.1,On Schedule,83.5,0.29,1.53,Reefer,771.61,5.07,0,0,2.0,338.15,0.852,56.8,1.67,96.1,2022-10-13,20.8,25.3,231.5,141.81,303.14,Low,10,4,41,2022,0,Electronics,655
SHP-100119,1153,3.45,Japan,Germany,Rail,UPS,WH-011,1,3906,5202,0.48,0,2.53,3.75,8.65,4682.3,22923.49,High,Enterprise,Carton,88.5,On Schedule,84.4,1.31,7.05,40ft Dry,1099.91,3.17,0,0,7.15,638.6,0.728,46.2,2.02,85.6,2024-12-08,10.5,26.0,22.5,254.23,483.89,Medium,12,4,49,2024,1,Automotive_Parts,837
SHP-114926,1461,2.59,Japan,Australia,Sea,UPS,WH-010,3,1101,2753,4.74,0,5.56,2.71,1.68,3513.4,6142.88,High,Wholesale,Carton,66.7,On Schedule,84.1,0.62,0.87,Flat Rack,6823.68,65.2,0,0,0.9,409.13,0.958,35.9,8.1,98.5,2021-11-15,25.5,33.4,12.0,124.4,135.3,Medium,11,4,46,2021,0,Pharmaceuticals,1489
SHP-117609,1005,3.57,Germany,Australia,Sea,DHL,WH-001,1,1167,1591,,0,6.02,3.8,4.86,6189.7,44326.48,Medium,Enterprise,Crate,81.8,On Schedule,73.2,2.83,7.71,40ft Dry,2192.65,31.83,0,0,4.39,716.28,0.812,54.9,2.39,91.2,2021-01-22,25.7,41.7,22.0,197.45,906.27,Low,1,1,3,2021,1,Furniture,3128
SHP-117436,1219,3.21,Mexico,UAE,Sea,Kuehne+Nagel,WH-001,3,60,1701,1.46,1,7.5,2.71,3.46,4614.9,35975.49,Medium,Retail,Crate,72.5,On Schedule,97.9,1.81,2.36,Flat Rack,564.86,4.8,0,0,4.38,543.32,0.818,32.9,0.75,98.6,2022-09-30,14.1,20.1,1.1,96.46,729.16,Medium,9,3,39,2022,0,Furniture,365
SHP-118553,1250,3.33,Vietnam,USA,Rail,UPS,WH-011,2,3447,4642,1.07,0,4.86,3.38,6.09,3733.2,13163.56,Critical,Enterprise,Crate,61.2,On Schedule,97.5,1.5,4.16,20ft Dry,179.34,25.87,0,0,3.29,259.44,0.8,43.9,1.65,101.7,2022-06-26,14.2,23.0,22.3,170.21,280.29,Medium,6,2,25,2022,1,Apparel,99
SHP-107293,1216,4.05,Bangladesh,UAE,Air,Kuehne+Nagel,WH-017,3,1152,1579,3.18,0,4.55,4.11,0.14,2851.6,3144.22,High,Retail,Crate,61.2,Delayed,93.4,0.04,3.05,Open Top,71.47,5.42,0,0,0.89,458.43,0.91,59.2,4.02,88.7,2022-01-07,5.0,7.9,21.9,783.37,141.22,Low,1,1,1,2022,1,Furniture,26
SHP-103405,1146,3.26,Japan,Germany,Road,DHL,WH-018,3,1261,485,3.05,0,6.28,3.51,0.45,377.0,4360.32,Medium,Government,Pallet,81.4,On Schedule,94.2,0.15,0.17,Reefer,148.1,5.04,0,0,2.21,134.45,0.941,40.7,1.94,78.5,2023-02-17,4.9,5.7,78.0,27.02,89.91,Low,2,1,7,2023,0,Electronics,47
SHP-110537,1313,4.28,India,UK,Road,UPS,WH-013,1,4013,4423,1.5,0,5.41,3.62,3.27,4846.5,12069.39,Medium,Wholesale,Pallet,57.6,On Schedule,92.3,0.7,0.03,Reefer,146.85,20.16,0,1,3.7,552.22,0.888,56.9,2.98,92.5,2023-11-23,4.5,9.2,27.2,313.36,272.72,Low,11,4,47,2023,1,Industrial_Equipment,54
SHP-118466,1110,2.6,South Korea,Japan,Sea,UPS,WH-012,4,2093,1717,2.56,0,4.03,3.09,3.45,1274.6,958.75,Medium,Wholesale,Bulk,100.0,On Schedule,83.9,0.57,0.73,40ft Dry,262.08,1.21,0,0,1.8,461.88,1.0,59.7,1.18,99.5,2021-04-30,25.5,28.4,36.6,31.34,22.31,Low,4,2,17,2021,0,Food_Beverage,298
SHP-108626,1214,3.8,South Korea,USA,Sea,CMA CGM,WH-019,0,61,3385,1.31,0,4.82,2.69,4.85,2663.1,15344.18,Medium,Government,Drum,64.2,On Schedule,91.0,0.73,0.6,20ft Dry,434.53,4.56,1,1,2.44,406.05,0.652,50.3,0.42,86.0,2023-02-27,27.5,32.3,0.5,56.11,312.49,Medium,2,1,9,2023,0,Furniture,272
SHP-103481,1098,3.29,Germany,India,Road,CMA CGM,WH-015,5,582,4292,1.08,0,5.03,3.87,5.73,50.0,7965.91,Critical,Government,Drum,82.4,On Schedule,81.9,0.22,0.83,20ft Dry,603.43,13.15,0,0,4.4,57.42,0.938,49.1,2.48,106.6,2022-09-16,4.9,11.4,4.1,19.9,161.31,Low,9,3,37,2022,1,Apparel,140
SHP-117818,1341,5.0,Germany,India,Sea,DHL,WH-016,0,2437,1880,0.69,0,4.11,3.28,1.09,2578.9,1770.99,Low,Government,Bulk,71.6,Delayed,80.9,0.08,0.75,40ft Dry,1023.44,3.64,1,0,1.38,299.53,0.793,60.5,1.02,99.8,2022-11-07,28.4,27.1,38.9,72.07,42.63,Low,11,4,45,2022,0,Furniture,304
SHP-100127,1151,3.61,Japan,Australia,Air,CMA CGM,WH-018,3,4720,3524,0.73,1,5.92,4.0,,4435.3,15369.02,High,Enterprise,Pallet,86.3,Delayed,88.0,1.96,1.36,Flat Rack,1790.37,1.36,1,0,3.42,230.18,0.756,57.7,2.15,118.4,2021-01-31,4.5,14.3,40.2,1363.62,443.74,Medium,1,1,4,2021,1,Electronics,523
SHP-113426,1028,3.27,China,France,Road,UPS,WH-019,0,182,1288,0.24,0,2.21,3.97,3.06,5821.4,5397.98,Medium,Enterprise,Drum,86.1,Delayed,99.6,1.2,2.26,40ft Dry,218.56,16.33,0,0,1.13,317.74,0.734,44.9,3.06,122.6,2021-06-26,4.2,7.5,4.2,413.97,149.36,Medium,6,2,25,2021,1,Consumer_Goods,62
SHP-110610,1061,3.37,China,UAE,Sea,Expeditors,WH-011,1,3501,3785,3.98,1,2.26,4.38,6.0,3020.7,2095.88,Low,Government,Drum,74.5,Delayed,76.7,1.22,6.52,Flat Rack,1118.95,9.6,1,0,4.77,470.78,0.708,31.7,1.97,106.0,2023-06-08,23.2,38.5,27.7,111.7,53.09,Medium,6,2,23,2023,1,Pharmaceuticals,284
SHP-115273,1435,3.07,Brazil,UAE,Rail,Kuehne+Nagel,WH-020,0,1500,4145,2.51,1,4.33,3.07,0.9,5452.1,21738.07,High,Wholesale,Bulk,63.8,Ahead of Schedule,100.0,1.26,4.9,Reefer,728.4,29.83,0,0,5.17,572.46,0.745,76.9,3.14,108.8,2021-10-27,9.9,17.8,10.9,233.37,458.1,Medium,10,4,43,2021,1,Automotive_Parts,957
SHP-119580,1070,2.99,Japan,UAE,Sea,Kuehne+Nagel,WH-003,2,132,1059,5.73,0,4.63,3.31,1.38,2838.9,57244.82,Medium,Wholesale,Bulk,73.7,On Schedule,79.6,0.65,3.36,Flat Rack,3074.66,17.85,0,0,4.22,393.34,0.852,59.4,0.74,118.9,2021-01-14,29.5,38.0,3.7,99.03,1154.8,Medium,1,1,2,2021,0,Electronics,1430
SHP-119285,1159,4.15,Brazil,Canada,Road,Expeditors,WH-014,1,3231,3282,1.68,0,8.1,3.49,1.02,2248.9,18069.05,Low,Retail,Crate,88.0,Delayed,82.0,0.01,3.21,Open Top,285.63,6.02,0,0,2.65,413.2,0.841,31.4,2.51,134.0,2022-07-13,6.2,9.0,29.5,145.54,375.93,Low,7,3,28,2022,1,Food_Beverage,98
SHP-112822,1397,2.96,India,India,Air,CMA CGM,WH-017,0,4796,3394,0.65,0,6.4,2.34,3.69,3332.3,7069.07,Medium,Government,Pallet,73.9,Ahead of Schedule,85.9,1.79,2.57,Flat Rack,2742.21,5.43,0,0,2.83,590.14,0.716,68.6,2.64,106.0,2022-03-24,2.6,8.3,42.4,685.87,209.97,Medium,3,1,12,2022,1,Automotive_Parts,1355
SHP-103073,1462,5.0,China,France,Road,Expeditors,WH-019,1,2285,528,4.06,0,6.69,3.85,1.18,4561.2,2137.46,Medium,Retail,Crate,100.0,On Schedule,87.4,6.39,3.36,20ft Dry,204.92,6.65,0,0,1.08,465.79,0.823,37.7,3.17,94.6,2022-05-04,8.7,16.4,129.8,315.46,74.3,Low,5,2,18,2022,1,Industrial_Equipment,48
SHP-102380,1443,3.8,China,Germany,Road,CMA CGM,WH-012,1,3112,5344,1.15,0,5.22,2.44,5.92,2263.9,13688.33,Medium,Government,Carton,91.0,Ahead of Schedule,88.5,1.1,0.66,40ft Dry,189.85,15.09,0,0,2.15,211.13,0.966,58.3,7.8,107.7,2023-01-23,9.6,18.2,17.5,100.75,283.84,Low,1,1,4,2023,1,Pharmaceuticals,71
SHP-102483,1085,3.67,Vietnam,Germany,Sea,DB Schenker,WH-001,5,4418,2257,1.26,0,7.01,3.62,3.49,627.0,7659.61,Medium,Government,Pallet,57.2,On Schedule,90.7,0.08,1.21,40ft Dry,2926.93,2.03,0,1,0.55,410.92,0.812,68.7,1.92,98.9,2023-05-07,24.7,26.8,58.7,47.85,157.98,Low,5,2,18,2023,0,Automotive_Parts,739
SHP-103461,1296,3.59,India,UAE,Road,UPS,WH-007,0,619,5635,4.38,0,6.75,4.42,2.06,259.1,26710.91,High,Enterprise,Bulk,87.5,On Schedule,85.9,0.07,0.17,40ft Dry,1121.64,5.76,0,1,5.24,798.3,0.892,54.9,1.37,107.8,2023-03-06,7.8,14.1,3.3,55.2,539.74,Low,3,1,10,2023,1,Furniture,259
SHP-115231,1063,3.21,Brazil,UAE,Road,DHL,WH-013,1,3729,295,1.41,1,2.09,3.42,8.13,5439.5,25838.3,Medium,Retail,Pallet,54.1,On Schedule,87.4,0.56,1.13,Open Top,774.13,44.54,0,0,6.3,561.21,0.798,68.4,2.0,94.2,2021-05-19,7.5,19.5,365.0,346.98,551.46,Medium,5,2,20,2021,1,Electronics,279
SHP-107458,1393,3.39,Germany,Netherlands,Air,FedEx,WH-006,3,609,4540,2.71,1,2.38,3.99,6.1,1103.3,11877.33,High,Wholesale,Pallet,98.7,On Schedule,92.5,0.42,4.88,Open Top,59.94,3.93,0,0,2.06,440.73,0.873,37.7,6.4,106.5,2024-08-20,2.7,15.1,4.0,297.65,267.31,Low,8,3,34,2024,1,Industrial_Equipment,13
SHP-115884,1435,3.14,Brazil,USA,Rail,CMA CGM,WH-002,2,956,2811,2.45,0,1.02,3.03,5.74,6283.8,17718.58,High,Wholesale,Bulk,74.3,On Schedule,94.2,1.07,0.29,20ft Dry,264.19,8.32,0,0,1.98,480.09,0.838,68.0,3.19,94.7,2022-10-22,10.1,17.6,10.2,256.24,380.0,Medium,10,4,42,2022,1,Industrial_Equipment,84
SHP-106885,1298,3.49,Mexico,UAE,Road,DB Schenker,WH-017,1,2970,2485,1.1,0,5.96,3.53,1.47,1275.6,16811.32,High,Wholesale,Bulk,59.2,On Schedule,94.7,1.23,0.17,40ft Dry,12061.07,10.13,1,1,1.03,538.48,0.859,32.6,1.06,81.1,2024-12-04,4.8,3.5,35.9,380.0,374.23,Low,12,4,49,2024,0,Pharmaceuticals,2788
SHP-115097,1200,4.46,Brazil,India,Rail,Maersk,WH-010,1,1172,1941,2.79,1,5.43,2.6,0.98,339.8,15271.96,Medium,Government,Drum,94.9,On Schedule,96.2,0.83,1.45,20ft Dry,300.22,10.23,0,1,3.13,970.31,0.841,34.5,2.58,89.1,2022-10-01,7.4,11.3,18.1,15.83,307.02,Low,10,4,39,2022,0,Automotive_Parts,148
SHP-118684,1422,3.42,India,Canada,Road,Kuehne+Nagel,WH-003,2,1617,3608,1.59,0,6.82,3.77,3.54,928.7,3348.62,Low,Enterprise,Drum,60.8,Delayed,94.1,2.35,0.39,40ft Dry,676.73,7.2,0,0,0.33,193.79,0.736,57.1,1.17,90.0,2021-09-06,5.0,7.9,13.4,79.79,74.95,Medium,9,3,36,2021,1,Electronics,247
SHP-114970,1203,3.84,South Korea,USA,Road,Expeditors,WH-002,2,106,4765,0.62,0,5.54,3.51,8.49,3848.3,9086.27,Medium,Enterprise,Pallet,64.4,Ahead of Schedule,95.3,0.68,1.54,20ft Dry,1600.48,1.88,0,0,4.08,667.34,1.0,85.5,1.92,110.3,2021-09-25,8.4,16.5,0.7,278.02,209.53,Low,9,3,38,2021,1,Furniture,554
SHP-100803,1400,3.51,Mexico,UK,Rail,DB Schenker,WH-016,2,897,5960,3.88,1,3.93,3.01,1.76,2413.3,2375.92,Low,Wholesale,Bulk,98.1,Ahead of Schedule,86.2,0.95,1.18,Open Top,4934.13,1.32,0,0,2.8,779.59,0.662,38.9,3.45,126.6,2023-06-05,8.9,16.4,4.5,174.77,65.0,Medium,6,2,23,2023,1,Furniture,5074
SHP-100474,1084,4.4,Bangladesh,France,Sea,UPS,WH-003,1,1094,1080,1.59,0,5.86,2.66,2.44,6171.8,3159.69,Medium,Wholesale,Bulk,79.6,Delayed,74.0,1.46,1.1,Open Top,255.99,23.04,1,1,1.17,787.63,0.933,47.4,7.18,113.9,2022-06-07,21.8,27.0,30.4,122.72,75.47,Low,6,2,23,2022,0,Apparel,112
SHP-108608,1468,3.1,Vietnam,Australia,Sea,Maersk,WH-003,1,2276,2675,2.88,0,5.73,3.89,1.09,6628.1,1371.17,Medium,Enterprise,Pallet,99.2,On Schedule,,0.54,4.58,40ft Dry,262.34,4.62,0,0,1.18,567.13,0.935,31.1,2.7,102.2,2021-10-02,23.1,26.6,25.5,192.58,46.68,Low,10,4,39,2021,0,Electronics,57
SHP-106482,1204,3.37,Brazil,UAE,Road,Expeditors,WH-001,1,3191,2236,0.53,0,2.73,2.9,1.92,3630.3,10709.5,Medium,Government,Crate,75.7,On Schedule,86.5,1.59,1.7,40ft Dry,487.54,6.69,0,0,2.23,714.92,1.0,48.8,8.57,103.5,2024-07-14,4.4,8.9,42.8,195.77,233.77,Low,7,3,28,2024,1,Electronics,146
SHP-118287,1490,3.84,India,Japan,Road,CMA CGM,WH-014,1,3863,4818,2.07,0,4.74,2.2,8.24,6416.0,9580.14,Low,Wholesale,Crate,81.2,On Schedule,92.0,0.78,2.86,40ft Dry,4231.83,6.39,0,1,2.97,676.71,0.844,41.3,0.07,89.6,2022-03-21,8.6,18.2,24.1,314.81,223.08,Low,3,1,12,2022,1,Electronics,3258
SHP-105557,1441,3.52,Japan,Australia,Sea,Maersk,WH-012,2,3440,2480,1.4,0,5.93,3.25,2.58,4249.5,24624.94,High,Enterprise,Carton,100.0,On Schedule,88.4,1.75,2.43,40ft Dry,696.25,10.13,0,1,1.7,405.58,0.785,47.3,1.09,111.9,2021-09-03,27.1,30.1,41.6,108.21,503.32,Medium,9,3,35,2021,0,Food_Beverage,344
SHP-113948,1402,4.75,USA,France,Road,Kuehne+Nagel,WH-004,0,2234,4274,2.39,0,5.51,2.93,1.03,3290.3,6538.13,High,Wholesale,Carton,77.6,On Schedule,100.0,0.24,1.15,Flat Rack,5094.71,21.45,0,0,2.11,806.82,0.792,59.7,3.15,99.8,2021-08-03,4.7,7.6,15.7,275.5,158.31,Low,8,3,31,2021,0,Furniture,3740
SHP-108891,1333,4.17,Vietnam,UAE,Road,FedEx,WH-001,2,2567,1604,3.51,0,3.18,4.34,0.47,4594.4,23066.64,Critical,Government,Crate,80.3,On Schedule,81.1,0.56,3.12,Reefer,521.06,5.86,0,1,0.32,603.99,0.678,20.1,2.94,85.0,2022-12-13,6.4,10.6,48.0,367.84,498.12,Low,12,4,50,2022,0,Apparel,852
SHP-112521,1376,3.95,Bangladesh,Netherlands,Rail,CMA CGM,WH-006,3,4661,100,7.41,0,5.66,3.81,3.41,2497.3,3430.56,Medium,Retail,Bulk,72.1,Delayed,76.6,1.84,1.81,Flat Rack,599.45,14.94,0,0,6.02,391.74,0.866,3.9,1.19,109.8,2022-11-27,10.0,24.0,365.0,138.02,82.41,Low,11,4,47,2022,1,Industrial_Equipment,128
SHP-104448,1152,3.39,Vietnam,UAE,Rail,DHL,WH-002,1,3415,5781,4.3,0,4.89,3.0,4.28,50.0,13456.93,Low,Wholesale,Carton,65.1,On Schedule,86.0,1.56,4.01,Flat Rack,246.49,23.32,0,0,2.62,471.9,0.868,41.1,1.49,89.0,2021-08-22,8.6,17.9,17.7,5.9,269.73,Low,8,3,33,2021,1,Apparel,98
SHP-100484,1002,2.8,Germany,UAE,Air,Maersk,WH-002,3,4205,1866,5.08,0,0.5,2.06,1.23,1838.2,7950.28,High,Government,Pallet,83.4,On Schedule,78.4,0.86,1.24,40ft Dry,641.15,63.62,0,0,0.74,406.71,0.869,59.1,1.31,86.5,2023-03-10,3.0,6.8,67.6,285.55,187.56,Medium,3,1,10,2023,1,Automotive_Parts,340
SHP-110422,1169,3.64,Bangladesh,UAE,Sea,FedEx,WH-005,0,3704,5418,0.89,0,1.75,3.07,1.12,2036.2,33054.25,Low,Government,Pallet,79.1,Delayed,,1.88,0.61,Reefer,668.57,18.59,0,0,4.29,320.02,1.0,47.8,4.25,79.1,2022-02-16,37.9,40.8,20.5,52.0,666.29,Low,2,1,7,2022,0,Consumer_Goods,209
SHP-119411,1213,3.37,USA,Canada,Air,CMA CGM,WH-008,1,995,2594,0.65,0,6.97,3.35,2.37,3434.3,3462.12,Low,Retail,Carton,98.3,Delayed,99.6,2.55,0.21,Open Top,1089.2,2.7,0,1,5.91,542.18,0.961,52.5,3.22,99.0,2023-03-28,2.9,7.4,11.5,857.94,155.04,Low,3,1,13,2023,1,Industrial_Equipment,2044
SHP-114900,1399,3.63,India,Netherlands,Road,UPS,WH-014,0,2480,5251,2.31,0,3.49,2.79,1.93,3107.0,21342.82,Low,Government,Pallet,68.3,On Schedule,80.5,0.57,1.75,20ft Dry,1395.31,5.3,0,1,1.68,697.4,1.0,19.4,2.21,104.9,2024-11-05,8.6,10.3,14.2,180.45,444.9,Low,11,4,45,2024,0,Food_Beverage,797
SHP-111226,1190,4.59,Japan,UK,Sea,UPS,WH-008,1,4834,2872,6.11,0,5.97,2.85,0.58,3341.9,7716.27,High,Enterprise,Carton,72.3,Delayed,86.6,3.15,0.96,Flat Rack,223.54,3.29,0,0,3.01,726.37,0.934,7.8,1.69,100.2,2022-07-12,29.5,36.5,50.5,71.91,161.52,Low,7,3,28,2022,0,Electronics,61
SHP-119132,1470,2.76,Vietnam,Netherlands,Road,Maersk,WH-020,4,4014,1155,1.81,1,6.72,3.53,3.34,3494.2,15510.99,Medium,Government,Bulk,57.7,On Schedule,72.2,0.34,1.29,Reefer,1153.09,54.52,0,0,1.46,578.59,0.749,46.7,2.71,112.4,2024-07-19,10.1,14.5,104.3,246.4,334.86,Medium,7,3,29,2024,0,Apparel,344
SHP-107920,1201,3.04,USA,France,Rail,Maersk,WH-015,3,95,4078,4.39,0,5.14,2.85,3.9,6340.6,4422.39,Medium,Retail,Crate,100.0,On Schedule,90.4,0.91,0.62,20ft Dry,1441.93,26.87,0,0,1.76,611.01,1.0,47.4,1.62,96.2,2023-10-31,10.3,15.8,0.7,260.93,114.54,Low,10,4,44,2023,1,Automotive_Parts,293
SHP-107911,1370,2.67,Brazil,Netherlands,Air,FedEx,WH-005,1,4861,2356,2.25,0,1.98,3.78,3.37,2760.3,30434.25,Low,Enterprise,Drum,63.2,On Schedule,87.6,1.37,1.38,Flat Rack,1557.04,7.65,0,0,0.96,395.4,1.0,70.8,1.21,97.6,2022-04-02,5.6,7.6,61.9,846.28,693.31,Low,4,2,13,2022,0,Automotive_Parts,473
